a,49856.8,
d*,42242.6,
e,38022.8,
la,27614.1,
@,19452.5,
R*,18725.4,
l*,18593.4,
lE,18154.2,
O,15849.9,
m@,14223.3,
il,14200.5,
te,14082.3,
dE,13936.7,
s*,12816.4,
d,12502.2,
pa,11965.4,
sj6,11924.9,
k*,11491.9,
si,11419.5,
de,10078.9,
paR,9725.16,
E,9674.25,
d@,9391.59,
yn,9009.58,
Re,8907.16,
dy,8765.23,
i,8664.37,
?,8060.77,
di,7877.07,
ki,7858.99,
k6,7759.31,
se,7449.95,
ti,7411.37,
Z*,7102.56,
sE,6856.22,
sa,6590.86,
tE,6552.71,
t*,6461.52,
k,6360.81,
ma,6348.67,
s6,6316.53,
t@,6297.13,
Ra,6234.83,
puR,6159.96,
El,6111.8,
kO,6101.56,
n*,6017.51,
li,5998.44,
mE,5908.37,
ta,5844.84,
vE,5806.43,
6,5777.83,
s@,5732.7,
mi,5727.18,
syR,5649.47,
u,5589.21,
ne,5504.09,
m*,5482.46,
Ri,5468.87,
ka,5307.77,
RE,4649.76,
vi,4615.84,
bl*,4609.06,
s,4547.23,
plys,4519.84,
tu,4384.56,
pRO,4338.52,
me,4266.28,
n,4255.13,
pO,4214.1,
nu,4066.88,
ni,4006.24,
fi,3855.23,
le,3781.09,
vER,3541.41,
pe,3416.36,
Ze,3313.7,
pRe,3207.26,
tER,3144.93,
v@,3144.61,
ku,3143.45,
mO,3097.94,
tO,3097.47,
ty,3084.76,
vEk,3077.52,
pER,3076.59,
sO,3075.82,
vu,3059.46,
l9R,3054.52,
ve,3026.98,
kOm,2930.35,
l8i,2912.71,
na,2900.02,
su,2880.44,
y,2832.91,
pOR,2784.32,
fE,2782.96,
sEt,2773.83,
sER,2738.85,
p2,2727.73,
mEm,2653.81,
fOR,2574.35,
ze,2540.92,
Et,2509.56,
va,2499.65,
R@,2490.5,
sy,2447.63,
nO,2445.15,
gREk,2386.26,
n6,2370.54,
nE,2282.98,
kOR,2279.81,
kEl,2272.6,
vwa,2225.89,
bj5,2224.37,
Ot,2204.35,
fER,2195.77,
vO,2186.61,
mwa,2151.9,
Se,2098.78,
ZuR,2085.91,
dO,2072.95,
zi,2067.95,
ky,2060.35,
Ek,2030.95,
je,2027.15,
pRi,2011.56,
fa,2002.57,
ba,1986.31,
@t,1974.99,
vwaR,1954.82,
m6,1945.45,
ny,1939.64,
k6t,1914.66,
tik,1886.97,
RO,1823.31,
bR*,1803.89,
REs,1782.2,
p@,1774.02,
k@,1768.78,
Zi,1767.76,
ly,1764.29,
lO,1743.57,
t9R,1709.69,
dis,1699.96,
Za,1696.02,
p8i,1675.29,
pu,1675.02,
tRa,1672.28,
aR,1666.87,
tyR,1652.66,
pR*,1635.89,
Eg,1615.69,
OR,1610.49,
bi,1610.4,
d2,1596.03,
ga,1585.55,
pi,1571.51,
gaR,1553.53,
pRE,1538.72,
s5,1532.69,
z@,1528.36,
fe,1505.41,
l6,1463.94,
m5,1448.44,
vR*,1439.53,
Es,1433.18,
fwa,1428.79,
bO,1397.2,
fO,1388.61,
mER,1384.93,
ak,1373.38,
py,1358.64,
tut,1340.16,
sjO,1338.13,
p*,1335.66,
t5,1312.04,
s8i,1306.48,
tRE,1304.86,
za,1296.05,
tuR,1284.77,
d6,1282.51,
S*,1252.02,
fy,1246.96,
maR,1246.03,
S@,1242.13,
v*,1230.86,
z6,1214.63,
s9l,1213,
n@,1190.01,
zE,1180.24,
Sa,1176.21,
da,1169.54,
kaR,1168.76,
lOR,1167.07,
Om,1145.16,
bu,1144.41,
be,1137.87,
my,1105.01,
ke,1087.46,
swa,1085.8,
l@,1066.5,
niR,1064.53,
Rj5,1060.72,
f6,1052.44,
gR@,1038.37,
t6,1029.46,
s@s,1025.23,
5s,1018.24,
mEt,1002.2,
Ral,975.78,
pl*,966.69,
tus,964.64,
kRi,961.97,
sOR,942.65,
sEl,931.81,
R6,921.88,
ZE,911.35,
kuR,908.42,
tiv,903.01,
k6s,902.81,
by,884.98,
twaR,881.2,
f5,879.99,
kwa,875.48,
diR,872.34,
mw5,869.64,
kyl,868.58,
Z@,864.24,
lje,847.65,
nal,839.95,
vRE,837.93,
mal,831.38,
nis,828.91,
mOR,828.75,
nik,827.71,
tEl,826.63,
Ry,826.27,
kl*,823.63,
f@,823.63,
SER,822.83,
sis,820.03,
tal,813.8,
tRO,803.31,
ER,793.84,
f*,786.71,
tRu,774.4,
tyd,772.79,
zj6,767.9,
kRe,767.26,
sje,766.63,
dER,764.2,
vy,760.32,
bli,757.63,
nEl,756.64,
pli,755.84,
jE,750.11,
nER,744.28,
Op,735.85,
SOz,734.61,
mjER,721.3,
s@t,698.9,
b6,696.14,
v5,687.74,
mEn,686.09,
nOt,685.98,
zO,682.26,
tRwa,677.49,
lEk,676.53,
kRwa,674.95,
nEt,672.06,
Ru,665.25,
bOR,664.28,
tje,663.81,
Si,662.54,
ad,660.79,
lwa,660.32,
t@s,656.62,
fR@,650.48,
p6,650.35,
tif,648.3,
tis,640.62,
tiR,636.27,
pE,633.19,
pw5,632.81,
gR@d,632.22,
v2,626.47,
ply,624.42,
j2,616.68,
m6d,616.58,
tRi,615.58,
9R,614.13,
zis,611.69,
kal,611.38,
tEk,611.27,
fam,605.98,
gRa,604.54,
sla,604.3,
dwa,602.01,
Ne,599.01,
sjEl,598.05,
Rj9R,597.95,
fik,597.67,
tit,594.97,
j@,593.8,
vj5,593.05,
j9R,592.29,
n8i,589.3,
pla,585.09,
is,582.11,
lj2,580.82,
pR@d,579.21,
lER,570.52,
lis,560.57,
tEt,555.96,
twa,548.13,
tEn,547.2,
spe,545.57,
SaR,544.89,
plas,544.49,
gl*,543.33,
pje,542.51,
Ris,537.63,
RiR,537.28,
mje,533.47,
gRe,528.44,
kla,526.49,
du,525.87,
d6k,524.97,
d8i,524.96,
sl8i,523.71,
ple,522.27,
b*,520.61,
sEp,517.98,
bRa,513.61,
v6,509.06,
bRi,508.99,
gu,505.74,
al,503.91,
taR,501.64,
R@t,501.01,
R*t,500.62,
mik,498.99,
Zy,498.85,
sRE,497.96,
Rwa,494.9,
pas,492.01,
Zys,492.01,
s9R,489.25,
REk,487.38,
R@s,486.9,
gER,484.82,
t@t,483.78,
zaZ,483.56,
Sak,483.48,
tj6,482.19,
njER,480.56,
m6t,479,
tjER,474.83,
pREs,472.88,
bER,471.35,
RjER,469.29,
sjal,469.27,
zER,468.54,
gO,468.52,
nje,467.89,
vis,464.71,
tR@s,463.9,
ROl,458.63,
kOl,454.9,
t@d,452.76,
mu,452.7,
t,448.94,
nOR,447.97,
hO,444.16,
vEl,440.6,
m5t,439.44,
s2,432.88,
ap,431.9,
Zik,431.76,
kE,431.66,
d@s,431.59,
sOn,430.99,
kEs,423.25,
j6,421.85,
s8it,420.27,
Z9n,420.22,
dR*,418.67,
Em,416.31,
pRiz,415.36,
t8El,414.47,
dyk,411.01,
tR*,410.11,
et,409.54,
sja,409.27,
tEs,406.96,
swaR,406.48,
lw5,405.79,
fEt,402.74,
m@d,402.49,
sil,402.05,
at,401.74,
fas,396.09,
tj5,394.35,
ble,394.27,
nwaR,391.32,
Rak,390.33,
gy,389.51,
fEk,388.71,
wi,388.06,
l@s,387.93,
ziR,387.85,
laR,387.64,
blik,384.04,
t8e,382.79,
pR@,382.41,
f6k,382.39,
vil,382.23,
k1,381.96,
fje,380.24,
pR5,378.87,
Ob,377.68,
kat,377.63,
sj2,371.82,
SO,368.4,
p5,365.57,
fis,365.52,
fij,361.35,
sjE,357.79,
plE,356.56,
k9R,355.27,
pEl,354.93,
sj5,354.6,
REt,354.23,
pl@,352.9,
z@t,350.93,
pOz,350.81,
RER,349.35,
Zu,348.92,
j5,348.53,
vaj,348,
SE,344.76,
Rik,344.02,
b@,342.64,
vje,341.87,
taZ,340.93,
Rje,337.95,
vit,337.73,
d9R,337.03,
ljER,336.31,
sj@s,335.08,
ja,333.9,
myR,333.08,
baR,332.95,
ZER,332.91,
gRi,332.46,
mj2,331.94,
bwa,330.73,
lEt,329.4,
vOt,326.6,
dOn,326.4,
Ni,323.21,
gRup,323,
dRwa,322.8,
gal,322.24,
REl,319.39,
tR@,318.61,
d5,317.04,
bEl,316.62,
dut,314.4,
zyR,314.12,
REj,314.1,
sRa,313.74,
bOn,312.24,
ge,310.35,
dEs,309.81,
sta,307.94,
myl,307.36,
kRE,303.63,
lEv,303.23,
pjER,302.04,
miz,298.99,
siR,298.37,
tRe,297.04,
v@t,295.57,
jO,294.57,
sOm,293.78,
ZEs,292.93,
pwa,292.45,
muR,291.51,
fRE,291.12,
zik,290.24,
blEm,288.83,
Z2,288.72,
maZ,288.17,
R5,287.24,
ZO,286.84,
n9R,285.98,
bl@,284.74,
dik,283.53,
tEm,283.1,
sOl,281.94,
fiR,281.85,
fu,279.81,
klER,279.37,
pat,278.13,
R2z,276.43,
saZ,276.11,
as,274.4,
sEk,274.02,
blE,271.05,
kRO,269.94,
naZ,269.08,
taj,267.89,
dOR,267.59,
pEn,267.5,
g6,267.31,
R2,266.97,
mis,266.29,
kyn,266.09,
tip,265.22,
aS,264.91,
m9R,262.82,
gRE,262.35,
p9R,260.61,
fuR,260.11,
gRO,259.82,
vj2,259.81,
zw5,259.71,
dZin,259.35,
sal,258.78,
fRa,257.71,
muv,255.57,
kle,255.38,
p9v,254.32,
RaZ,253.5,
dja,251.7,
liz,251.64,
fRe,250.05,
tRyk,250.01,
dyR,248.48,
vRi,247.74,
8i,247.43,
buR,247.4,
suR,247,
zyl,246.75,
@p,246.36,
kRa,245.36,
p@s,245.34,
sp@,244.54,
ha,243.82,
sEN,243.53,
tRuv,243.29,
m@s,242.44,
lj5,242.01,
p8is,240.51,
zj9R,240.32,
viR,239.48,
Swa,238.62,
tOR,237.97,
taS,237.4,
kli,236.99,
val,236.61,
k8i,236.56,
dam,236.54,
pRa,236.3,
kR*,235.11,
Zj6,235.1,
lEj,234.8,
fR6,234.68,
spli,234.45,
mas,234.4,
l@t,233.62,
Zwa,232.66,
zin,231.84,
pal,231.65,
t8a,227.75,
l6g,224.96,
En,224.35,
aZ,224.29,
pOl,224.28,
SEf,222,
RuZ,221.84,
Rut,220.59,
R*v,219.8,
fR*,219.76,
Rja,219.46,
vjEj,219.32,
s5k,219.29,
dys,217.36,
zaR,217.3,
pjEs,216.58,
am,215.98,
kad,215.21,
syk,215.12,
NE,212.97,
mij,212.94,
Rj@,212.49,
sEz,211.93,
liN,211.5,
kOz,211.39,
sjER,211.32,
zjEm,210.9,
pid,209.14,
klas,208.78,
jaZ,207.82,
sk*,207.58,
tR5,207.56,
sj@,206.03,
bR8i,205.65,
z5,205.27,
Rit,205.27,
l5,205.06,
pl5,203.72,
Z@s,203.48,
b5,203.23,
kRy,202.67,
pEs,202.66,
k5,202.51,
mit,201.16,
vlOp,201.09,
til,201.04,
sip,200.02,
REn,199.3,
bal,199.01,
min,198.83,
pyR,198.06,
pROS,197.28,
R@d,197.01,
gR*,195.96,
vOl,195.86,
m9,195.2,
S@Z,195.02,
bE,194.93,
k@s,194.91,
bil,194.79,
nj6,194.41,
piR,193.92,
fle,193.76,
siv,193.52,
dEl,192.82,
tOn,192.55,
lad,192.07,
lEs,192.02,
spEk,190.75,
Zin,190.66,
suv,190.39,
psi,189.42,
Ok,189.25,
tim,188.96,
Rin,188.1,
pOs,188.08,
siN,187.42,
Riv,186.65,
laZ,185.92,
djO,185.78,
sEj,185.44,
z@s,185.43,
kEt,184.91,
R9R,184.65,
jER,184.38,
bl2,183.53,
f2,183.16,
kas,182.98,
vj6,182.97,
dje,182.6,
gli,182.48,
pOk,181.58,
luR,180.74,
lik,180.67,
9j,180.64,
buS,179.66,
bRy,179.49,
fly,179.45,
gRas,179.25,
vid,179.01,
met,178.84,
ZEk,177.81,
fil,177.45,
zOR,176.71,
gaZ,172.87,
pEk,172.53,
vik,171.92,
vjO,171.5,
fEs,171.13,
@s,170.93,
sit,170.57,
Os,168.02,
blO,167.45,
RaR,167,
RjO,166.38,
p9,165.88,
Zis,165.85,
RjEl,165.81,
Na,165.58,
fak,164.82,
Sin,164.72,
st*,163.5,
twal,163.06,
ji,163.06,
vjEn,162.56,
tOd,162.32,
plEn,162.22,
n@s,161.91,
*,161.77,
vEs,161.74,
paN,161.46,
g6d,161.33,
tR6,160.48,
dOk,159.99,
nEs,159.84,
lj6,159.15,
fyR,158.56,
ut,158.5,
stRyk,158.02,
dj2,158.02,
Rj@s,158,
nwa,157.78,
fRER,157.57,
sjEn,157.2,
lOg,157.16,
d8iR,156.27,
R@Z,156.22,
5t,154.39,
fl*,154.07,
vEj,153.06,
f6d,151.93,
tEz,151.58,
tin,151.48,
gOS,151.25,
l@d,149.04,
ste,148.58,
sEn,147.66,
lwaR,147.32,
pRu,146.67,
paZ,145.99,
sid,145.76,
Rj2,145.48,
syp,144.98,
dRwat,144.23,
zy,143.99,
bla,143.96,
fRi,143.81,
lu,143.41,
Zak,143.1,
bl@S,142.61,
d@t,141.14,
vEn,140.94,
hOt,140.73,
kw5,140.4,
Zwe,140.17,
av,139.84,
sys,139.17,
ZaR,138.94,
mwaR,138.69,
l@g,138.12,
nyt,136.72,
glO,136.61,
vRiR,136.37,
pR9v,136.02,
tRis,135.85,
Z@b,135.8,
tak,135.73,
Z@R,135.71,
dit,135.68,
zOn,135.55,
v@s,135.32,
mil,134.97,
Ras,134.22,
gi,133.88,
NO,133.88,
gyR,133.76,
Rj2z,133.74,
ZEn,133.69,
fRwa,133.55,
SEn,133.34,
f@s,133.3,
blis,133.27,
miR,132.88,
mOd,132.79,
lwi,132.61,
n@t,132.53,
zak,132.35,
sj2z,132.33,
sin,131.8,
f9j,130.92,
vlO,130.91,
syl,130.81,
fOd,130.15,
g9R,129.49,
kRiR,129.12,
mEd,128.52,
fl9R,128.37,
vj5d,128.21,
klO,128.11,
plEt,128.08,
nyl,128.07,
RjOd,127.93,
stRa,127.78,
sEd,127,
dus,126.94,
vag,126.86,
sEs,126.77,
sjOn,125.7,
sti,125.54,
bRe,125.53,
gRam,125.35,
N6,124.97,
Z9,124.82,
bEt,124.6,
bas,124.42,
vud,123.85,
ROz,123.77,
yR,123.75,
bat,123.19,
p6d,123.18,
Z9R,122.64,
siz,122.46,
Rys,122.24,
d8it,121.34,
bul,121.19,
baz,120.8,
dRa,120.55,
vaZ,120.52,
Ef,118.9,
Ed,118.42,
mOm,117.9,
dwav,117.9,
flO,117.56,
liR,117.4,
tREt,116.63,
wa,116.28,
kOt,116.08,
h8it,116.06,
g@,115.94,
gliz,115.9,
Sj5,115.76,
REv,115.75,
stREm,115.64,
sak,115.58,
Zim,115.38,
kREt,115.03,
kRwaR,114.71,
sR6,114.45,
spRE,114.14,
S@s,114.02,
naR,113.86,
pl6,113.8,
sif,112.78,
mEl,112.73,
pis,112.23,
gOl,111.74,
dyl,111.74,
zit,111.72,
jaR,111.37,
vRe,110.86,
pwaR,110.55,
tRik,110.48,
fla,110.14,
gE,109.5,
tRy,109.49,
mak,109.28,
faR,109.26,
tjEn,109.23,
kOs,108.34,
plEk,108.08,
pREt,108.08,
gR5,107.6,
sik,107.58,
he,107.18,
kly,106.51,
bR2,106.33,
gRav,106.2,
v9R,105.88,
kRis,105.73,
m@S,105.59,
k@t,105.58,
mEs,105.28,
N@,104.29,
ZyZ,104.08,
kRip,103.8,
l6d,103.68,
pyl,103.63,
mw5d,103.24,
n8e,103.04,
bit,102.93,
las,102.65,
vEt,102.64,
bRys,102.37,
glE,101.85,
det,100.05,
takt,100,
syb,99.77,
Eksplwa,99.2,
vas,98.84,
s@d,98.81,
viv,98.55,
m1,98.45,
RyR,98.07,
hOR,97.87,
Og,97.81,
kje,97.73,
Rwat,97.65,
mat,97.6,
myn,97.35,
n2,97.03,
S9R,97.02,
flEk,96.15,
jEl,96.01,
k9,95.68,
Zil,95.54,
dj5,95.36,
@d,95.33,
d*v,95.22,
lin,95.21,
kip,94.71,
s5t,94.7,
pit,94.43,
R8i,94.2,
pES,94.03,
bRu,93.74,
nys,93.58,
kut,93.29,
diz,93.2,
fOn,92.46,
zEf,92.28,
spO,92.02,
t6b,91.97,
fRaz,91.97,
lit,91.94,
fOs,91.7,
bR@S,91.59,
tOm,91.34,
ROb,90.6,
Rad,90.31,
l9,90.05,
bwat,89.76,
dat,89.59,
gROs,89.41,
zEl,89.31,
gOR,89.22,
pEt,89.02,
fR8i,88.67,
n9f,88.42,
id,88.23,
pREn,88.17,
j@t,88,
tym,87.9,
ZOn,87.73,
mad,87.68,
vRa,87.51,
p6s,86.94,
fj@s,86.77,
R*l,86.43,
vjER,86.03,
m@t,86.01,
plO,85.52,
lys,85.23,
flE,85.17,
tas,85.1,
lOt,84.63,
bys,84.62,
spOR,84.52,
fl@,84.27,
tR@t,83.54,
lyR,83.54,
nas,83.51,
pROm,83.47,
fjE,83.15,
RiS,83.03,
lEn,82.87,
vRaZ,82.64,
gla,82.62,
RwaR,82.57,
jEn,82.53,
lym,82.47,
pOS,82.43,
fOt,82.25,
spRi,81.58,
pus,81.46,
Ram,81.37,
vaR,81.2,
ful,81.14,
Raj,80.98,
R*s,80.52,
sOf,80.39,
skly,80.15,
pik,80.05,
nOm,79.98,
m@k,79.89,
b8e,79.41,
pl8i,79.29,
syd,79.22,
ljE,79.14,
lyl,79.06,
ZiR,79.05,
mEj,78.73,
pRy,78.27,
kR2,78.07,
fin,77.9,
t5k,77.63,
sERt,77.32,
j@s,77.16,
j2z,76.76,
lOZ,76.71,
kER,76.67,
dROl,76.67,
dOp,76.47,
gRaf,76.25,
b@d,76.15,
R*d,76.09,
djal,76.08,
d8El,76.04,
bR2z,75.99,
djat,75.96,
lEZ,75.67,
tiZ,75.54,
plik,75.49,
SiR,75.44,
gle,75.43,
dal,75.22,
sty,75.17,
kup,75.04,
kuS,75.04,
nad,74.79,
fj@,74.42,
nEk,74.19,
net,74.15,
zEs,74.14,
lid,74.13,
bin,74.03,
n8El,73.78,
pOm,73.63,
pl9,73.56,
lyt,72.96,
pw5t,72.64,
splO,72.59,
ROn,72.55,
6d,72.22,
bRik,72.21,
taN,72.04,
Zj2z,72.01,
dap,71.89,
k6v,71.62,
t5d,71.39,
mid,71.36,
zjO,71.29,
ljO,71.12,
v9,71.11,
Rj6,70.64,
bOl,70.51,
sw5,70.12,
stil,70.12,
spi,69.93,
kap,69.84,
kyR,69.83,
g*,69.78,
k5z,69.71,
Zw5,69.41,
S6,69.26,
tRup,69.16,
bjO,69.02,
s6Z,68.99,
sky,68.81,
zwaR,68.8,
st@,68.46,
bR@,68.38,
SEz,68.35,
yl,68.25,
SEt,68.15,
sup,68.12,
kil,67.61,
zEn,67.3,
bliR,67.26,
t2z,67.13,
tRas,66.99,
dj@,66.79,
mys,66.53,
nil,66.36,
vjE,66.35,
g9l,66.29,
Rat,66.22,
sjEZ,66.19,
klE,66.15,
NOl,66.12,
mOs,65.94,
kEn,65.93,
vEz,65.58,
t8i,65.49,
Su,65.4,
pR5s,65.39,
mus,65.13,
pROk,64.93,
ZEt,64.93,
lak,64.82,
p5t,64.77,
fRiR,64.4,
n6s,64.39,
fjER,64.38,
bwaR,64.34,
n2z,64.05,
glas,63.87,
fOl,63.52,
tEj,63.44,
bEs,63.25,
m6s,63.15,
djER,63.1,
p@t,63.02,
ik,62.87,
skyR,62.77,
ziv,62.74,
plin,62.74,
Sas,62.68,
skO,62.63,
tuS,62.45,
sul,62.43,
sad,62.35,
nEZ,62.32,
byl,62.17,
RjaZ,62.16,
s8a,61.95,
hyR,61.95,
RjE,61.9,
vOk,61.84,
kRiz,61.81,
Rul,61.73,
fRO,61.59,
fli,61.5,
Riz,61.49,
bREf,61.38,
splik,61.22,
pwat,61.05,
film,60.74,
l2z,60.73,
sut,60.24,
kRit,59.93,
Z6,59.85,
pet,59.8,
bis,59.57,
Ruv,59.55,
k9j,59.54,
gan,59.49,
Ryp,59.04,
pys,58.84,
jOm,58.66,
v@d,58.54,
n8aZ,58.42,
nOs,58.3,
kl@,58.29,
t9j,58.26,
l@p,58.26,
gaz,58.25,
pak,58.01,
ZwE,57.97,
daR,57.88,
bRO,57.86,
zas,57.81,
ZjO,57.56,
nim,57.51,
gut,57.3,
tap,57.22,
Z@t,57.19,
pl@t,57.11,
fRak,56.99,
l8e,56.88,
kaZ,56.82,
Z@d,56.75,
plis,56.11,
pl9R,55.91,
plaZ,55.81,
t2,55.56,
S@t,55.32,
djEn,55.3,
lyn,55.12,
ROs,54.75,
Sik,54.74,
SEl,54.73,
Sy,54.54,
zje,54.52,
t5t,54.48,
pwal,54.44,
tR8i,54.38,
fyz,54.27,
SEk,54.18,
n8E,54.09,
N9R,53.96,
k8iR,53.94,
Sis,53.89,
jiR,53.86,
pOt,53.6,
d@Z,53.54,
kyp,53.47,
vwe,53.37,
niz,53.18,
vyl,53.07,
iR,53.07,
Zw5d,52.97,
gys,52.91,
f8i,52.8,
Zut,52.73,
in,52.69,
Syt,52.69,
n5,52.34,
m5s,52.29,
pROs,52.23,
syg,51.96,
tig,51.57,
lOn,51.38,
flam,50.96,
Zwi,50.89,
kan,50.56,
zEt,50.51,
fRwad,50.51,
ljal,50.35,
tyn,50.31,
jOn,50.18,
@Z,50.12,
sES,49.91,
l@Z,49.4,
pliR,49.29,
lja,49.25,
haR,49.01,
jal,48.88,
wEst,48.84,
st@s,48.83,
sRi,48.73,
k6k,48.71,
blEs,48.64,
h6t,48.62,
b@k,48.56,
tij,48.54,
byd,48.47,
kid,48.24,
fl9,48.13,
vaS,48.09,
klOd,48.09,
Z8if,48,
l2,47.93,
kRist,47.87,
Zje,47.72,
lyk,47.6,
kOk,47.41,
gRu,47.4,
Zj2,47.35,
n9,47.19,
pR1,47.18,
kRu,47.13,
Rjal,47.1,
pRim,47.08,
lwEt,47.06,
fut,46.93,
gwas,46.88,
gOs,46.68,
p@d,46.55,
pRuv,46.48,
m2,46.42,
SOd,46.4,
d8iz,46.2,
R6d,46.14,
viz,46.07,
dRe,45.87,
@R,45.73,
sRe,45.71,
man,45.59,
h5,45.55,
vif,45.42,
ziZ,45.4,
sp6,45.38,
tat,45.28,
SEs,45.16,
kRim,45.15,
zal,45.13,
plER,45.11,
f1,45.06,
SOk,45.06,
ROk,44.94,
faz,44.86,
f@d,44.82,
duz,44.55,
kul,44.53,
plat,44.35,
mEk,44.33,
s8El,44.32,
plym,44.12,
l6Z,44.12,
Z85,44.1,
vja,44.09,
5d,43.93,
@l,43.92,
glwaR,43.87,
laS,43.79,
v@S,43.74,
vR6,43.69,
Rwas,43.58,
ju,43.45,
daZ,43.39,
tRak,43.31,
kud,43.3,
SwaR,43.21,
R5t,43.12,
blOk,42.68,
t82z,42.67,
zjas,42.63,
s2z,42.58,
k8is,42.5,
blu,42.48,
klaR,42.38,
tjO,42.26,
lEl,42.22,
Ril,42.12,
gRiz,42.02,
REkt,41.65,
k2,41.64,
tiz,41.55,
vwal,41.53,
nj9R,41.52,
gas,41.3,
sk@,41.29,
kit,41.19,
@m,41.16,
f9,41.05,
mj6,40.83,
Rap,40.83,
RjEn,40.78,
kR5t,40.74,
guR,40.74,
vin,40.66,
Z8i,40.58,
swE,40.55,
h9R,40.5,
vR@,40.42,
diN,40.16,
Sap,40.14,
tyb,40.06,
fRES,40.04,
zRE,39.9,
zil,39.89,
Z6k,39.82,
R*Z,39.76,
njOm,39.68,
plak,39.61,
ljaR,39.51,
kR@,39.4,
spRim,39.38,
lEz,39.26,
t8@,39.12,
g9,39.09,
flik,39.04,
kRan,38.97,
zif,38.89,
flOt,38.87,
t8E,38.82,
mOl,38.78,
tR8iR,38.74,
Sal,38.73,
vj@d,38.52,
dRam,38.49,
kav,38.47,
fR5,38.46,
stad,38.45,
s9j,38.45,
v5s,38.44,
nEz,38.41,
jEt,38.4,
aj,38.38,
kaS,38.27,
fiS,38.27,
gREs,38.02,
f9R,38.02,
t82,37.79,
sEks,37.75,
pjE,37.69,
fal,37.67,
kOd,37.6,
v2z,37.53,
l89R,37.42,
saR,37.37,
glEz,37.27,
byt,37.19,
fl9v,37.16,
ZyR,37.07,
Rab,37.05,
v2l,36.96,
REN,36.9,
zj5,36.83,
n2t,36.8,
dEt,36.67,
N2z,36.56,
fja,36.54,
kiz,36.49,
skRy,36.44,
gRij,36.41,
b9R,36.39,
Ret,36.33,
bl6,36.26,
8il,36.13,
nwi,36.08,
glis,36.06,
sOt,35.94,
kR5,35.85,
dak,35.81,
pul,35.8,
lam,35.8,
tRin,35.73,
muS,35.67,
f6s,35.59,
pud,35.43,
ljEn,35.3,
maRs,35.26,
sj@t,35.23,
Z5,35.23,
S5,35.22,
lj2t,35.19,
pja,35.14,
stRE,35.04,
aRk,34.84,
pREv,34.74,
t5g,34.71,
stRe,34.67,
mj5,34.47,
pil,34.41,
fys,34.24,
zOf,34.13,
skyl,33.9,
bOS,33.89,
hEn,33.87,
fR@s,33.61,
klu,33.56,
sav,33.52,
pj6,33.51,
klak,33.48,
dRE,33.43,
vOR,33.31,
sjEt,33.29,
paRk,33.29,
nit,33.28,
s89R,33.26,
m@Z,33.23,
nj5,33.05,
fRap,33,
stER,32.88,
pn2,32.86,
h@,32.82,
sEpt,32.61,
Ez,32.61,
bak,32.6,
hE,32.5,
lat,32.26,
l5d,32.22,
kOn,32.13,
tj5d,32.1,
l5Z,32.09,
mwan,31.97,
ys,31.88,
Rid,31.88,
fRag,31.86,
bje,31.8,
pin,31.78,
gaN,31.72,
Zw9R,31.61,
z9R,31.6,
bl6d,31.54,
nyk,31.43,
d8a,31.12,
jEm,31.1,
R8in,30.99,
pR9R,30.97,
gREv,30.97,
g5,30.84,
tOl,30.8,
ROm,30.8,
paj,30.54,
dep,30.54,
pap,30.5,
hal,30.5,
mjEn,30.44,
g8ij,30.38,
n8a,30.34,
plOm,30.16,
gat,30.13,
tOk,30.1,
gEt,30.1,
dEn,30.1,
klOS,30.06,
nOk,29.96,
hi,29.96,
kROs,29.95,
hat,29.9,
f@t,29.88,
gid,29.83,
njal,29.81,
lwaN,29.79,
pEz,29.75,
din,29.75,
Z2z,29.72,
ROS,29.72,
vjEt,29.48,
bR1,29.48,
bjER,29.42,
bij,29.41,
klam,29.35,
vRil,29.32,
REd,29.32,
fig,29.29,
Rj@t,29.27,
zud,29.21,
Oz,29.17,
N*,28.86,
n9v,28.84,
ziN,28.79,
pROv,28.76,
j6f,28.74,
Nal,28.71,
kOp,28.68,
klav,28.65,
NOR,28.59,
kij,28.58,
tys,28.56,
Sat,28.56,
eS,28.32,
s@k,28.31,
fR@S,28.3,
stRik,28.29,
pl@S,28.2,
bRE,28.18,
gl@,28.17,
tRal,28.16,
zjER,28.05,
pyt,28.02,
pREm,28,
NaR,27.86,
das,27.85,
NaZ,27.85,
sle,27.84,
tEZ,27.78,
bOt,27.65,
puz,27.61,
jOt,27.6,
buZ,27.57,
bRyt,27.5,
b6b,27.44,
gly,27.25,
Zyp,27.13,
nj@,27.12,
mOt,27.08,
kl5,27.05,
nak,27.01,
vat,26.99,
s8iv,26.97,
nat,26.85,
m8E,26.85,
bEn,26.79,
nap,26.67,
p6p,26.61,
bRav,26.58,
bRym,26.55,
myz,26.49,
REm,26.45,
bus,26.44,
kjEt,26.37,
tjEm,26.36,
sam,26.35,
dEm,26.21,
nja,26.19,
kOS,26.12,
ZOR,26.12,
zjEn,26.04,
kyt,26.01,
bEk,25.92,
zan,25.76,
nwaz,25.67,
gRad,25.66,
RaS,25.63,
6z,25.58,
vaz,25.49,
m2z,25.45,
zERv,25.39,
viN,25.39,
Zj5,25.37,
bRyn,25.35,
lEg,25.34,
klat,25.18,
faZ,25.13,
ljEf,25.03,
lj@s,25.03,
z8El,24.94,
klOz,24.93,
maj,24.85,
swav,24.8,
spER,24.75,
RiZ,24.68,
njEn,24.65,
mOn,24.64,
gR@Z,24.55,
swaf,24.45,
kl9b,24.39,
b8i,24.37,
tjEd,24.36,
gRal,24.35,
g8is,24.34,
tR6p,24.32,
v9v,24.26,
f8it,24.22,
bRas,24.2,
sOv,24.16,
n8@s,24.16,
Ryd,24.16,
zRa,24.14,
slE,24.13,
nwe,24.09,
kjE,24.04,
pjO,24,
fit,23.95,
Zit,23.9,
biR,23.88,
iks,23.87,
skyz,23.8,
g9j,23.75,
vle,23.74,
dwe,23.74,
bREv,23.74,
jEs,23.73,
bOs,23.65,
fat,23.62,
vREn,23.61,
iv,23.55,
pl5t,23.49,
zOl,23.25,
lip,23.21,
n8@,23.15,
p@S,23.1,
luz,23.1,
gam,23.02,
kROS,23.01,
niS,23,
glOb,22.75,
pRwa,22.71,
fj@t,22.71,
Siv,22.71,
bl@s,22.65,
tan,22.58,
flES,22.58,
pROZ,22.47,
zakt,22.46,
tR@S,22.45,
saS,22.43,
sim,22.41,
Rif,22.35,
t@p,22.26,
klyR,22.13,
hOl,22,
zid,21.98,
dEks,21.94,
R@p,21.85,
f8iR,21.81,
kREm,21.8,
vut,21.77,
g@s,21.71,
fyZ,21.67,
dj6,21.47,
fud,21.42,
pRiR,21.4,
mjO,21.38,
tROf,21.37,
kwe,21.36,
bRyl,21.33,
jRi,21.32,
gREn,21.29,
kw@,21.28,
fym,21.27,
kaj,21.23,
ska,21.21,
SEv,21.2,
klEt,21.19,
giz,21.08,
5k,21.08,
v5R,21.06,
tav,20.97,
klik,20.96,
bliZ,20.88,
tREn,20.76,
spRe,20.74,
kjEm,20.74,
tEst,20.71,
gREt,20.7,
tja,20.62,
daj,20.6,
bRiz,20.58,
kus,20.53,
sus,20.45,
bluz,20.38,
bR6,20.38,
liv,20.31,
swe,20.29,
glu,20.28,
bR6z,20.16,
fuj,20.15,
tR8it,20.14,
tOf,20.12,
pjEZ,20.1,
stO,20.06,
pip,20.06,
stRak,20.04,
z*,20.01,
tuf,20.01,
spa,19.99,
t8ER,19.98,
zOd,19.96,
wE,19.92,
byR,19.91,
hOs,19.84,
vyR,19.8,
djOm,19.41,
bEj,19.35,
van,19.28,
Zwaz,19.27,
pl2,19.23,
R8iR,19.23,
gON,19.18,
lOk,19.15,
sfER,19.1,
h@S,19.1,
R*f,19.09,
kwad,19.08,
l8a,19,
stREt,18.93,
did,18.83,
kRyt,18.76,
fwi,18.72,
fRaZ,18.69,
pR6,18.68,
ZjEn,18.68,
hu,18.66,
ab,18.64,
Zid,18.63,
gym,18.62,
staZ,18.58,
kR2z,18.55,
bim,18.54,
pRis,18.42,
swEt,18.35,
sjOm,18.32,
mES,18.26,
Sje,18.22,
vR5,18.2,
dRif,18.19,
gRy,18.18,
m8e,18.05,
k6d,18.03,
R8El,18,
maks,17.97,
ROd,17.95,
s5Z,17.94,
fan,17.94,
bOk,17.94,
nig,17.89,
fRik,17.82,
gl@d,17.81,
lOp,17.8,
zat,17.77,
nyR,17.77,
p5d,17.76,
p6k,17.61,
g@d,17.61,
d9j,17.61,
klin,17.6,
s8e,17.54,
gROt,17.54,
s8Ed,17.52,
nEg,17.52,
psj6,17.51,
bR5,17.49,
div,17.43,
kRak,17.42,
an,17.41,
spl@,17.39,
lwe,17.21,
slO,17.18,
kaz,17.17,
kRwaz,17.17,
Zw5t,17.16,
f2t,17.15,
g8i,17.13,
vOd,17.1,
njak,17.07,
klwa,17.06,
SaZ,16.99,
Rus,16.97,
9f,16.97,
g@t,16.93,
pl6Z,16.87,
nin,16.87,
NwaR,16.87,
d2z,16.86,
zOt,16.83,
tREz,16.81,
kjER,16.81,
gus,16.8,
dOl,16.79,
fR2,16.78,
kRut,16.72,
hy,16.66,
t8it,16.65,
mwaN,16.54,
@k,16.48,
s8is,16.45,
dREs,16.42,
kR5d,16.41,
tEN,16.31,
bRid,16.3,
p5s,16.29,
Rav,16.2,
nuj,16.18,
stRi,16.13,
m8Et,16.13,
saj,16.1,
ted,16.06,
Ruj,16.02,
klip,15.92,
ban,15.92,
vlyR,15.84,
tid,15.78,
byS,15.75,
sROl,15.74,
j9l,15.73,
b9f,15.71,
dOt,15.69,
dj2z,15.65,
zOm,15.61,
pl5d,15.57,
ZwiR,15.57,
dZEt,15.51,
dOg,15.47,
tRER,15.44,
nj2z,15.37,
kRiv,15.32,
fOv,15.32,
kRys,15.3,
fiz,15.3,
zEd,15.26,
ef,15.26,
klis,15.25,
fwE,15.25,
tyl,15.17,
dOz,15.12,
tRam,15.1,
bOm,15.06,
S@d,15.05,
flyk,15.03,
bRal,15,
ZEl,14.93,
ROR,14.93,
bRij,14.9,
sERv,14.84,
Zw@,14.84,
njO,14.82,
wis,14.78,
plEs,14.75,
stOk,14.74,
vak,14.71,
l1,14.71,
zRi,14.62,
djag,14.62,
d5g,14.53,
kRat,14.51,
bROs,14.51,
S2z,14.5,
Ryz,14.5,
bR@l,14.49,
baj,14.47,
if,14.41,
vij,14.33,
vREs,14.25,
SyR,14.24,
p8iz,14.21,
SOf,14.18,
gwa,14.15,
ski,14.13,
lyp,14.13,
mul,14.08,
kis,14.08,
nju,14.06,
flu,14.06,
RuS,14.06,
pR5t,14,
h6,14,
fRys,13.91,
Rig,13.9,
tyRk,13.87,
mOv,13.84,
fwaR,13.83,
njE,13.81,
flak,13.71,
dek,13.7,
bag,13.66,
s6p,13.64,
t8il,13.55,
Ol,13.5,
k2z,13.46,
dig,13.46,
RjOm,13.42,
sj9R,13.38,
fROt,13.35,
fim,13.32,
bl@t,13.29,
kin,13.19,
kROk,13.19,
fR2z,13.11,
duS,13.09,
ksis,13.06,
jis,13.05,
gRat,13.05,
pl@k,13.04,
kRaz,13,
ps2,12.98,
uRs,12.94,
uR,12.94,
bjE,12.93,
skla,12.92,
puj,12.87,
s5p,12.84,
kyb,12.83,
zjOn,12.78,
tR6S,12.77,
gR6,12.77,
lj@,12.76,
Zip,12.76,
slam,12.74,
jad,12.72,
kym,12.68,
f6t,12.68,
SOv,12.64,
klOR,12.61,
djan,12.61,
ROt,12.61,
dOm,12.55,
tRad,12.51,
bEz,12.51,
sud,12.48,
nwis,12.48,
fw5,12.48,
fRyk,12.42,
fOz,12.41,
naS,12.4,
blag,12.39,
ROZ,12.39,
sOs,12.38,
suS,12.36,
N2,12.36,
Rij,12.33,
ip,12.32,
kl@S,12.3,
m8a,12.28,
biS,12.27,
fl8id,12.25,
zON,12.22,
lOz,12.2,
SOt,12.2,
gad,12.13,
b8E,12.07,
nj2,12.04,
bRuj,12,
Z8iv,12,
swEl,11.97,
gaf,11.94,
kjat,11.93,
k6b,11.92,
z5g,11.87,
seS,11.87,
faj,11.87,
pj2,11.86,
flEt,11.86,
p6Z,11.8,
miS,11.79,
dwan,11.79,
pEj,11.74,
blim,11.73,
tOp,11.67,
dyn,11.67,
kam,11.66,
jRE,11.63,
iz,11.6,
bl5,11.59,
kREv,11.58,
tROn,11.56,
b2,11.56,
gREl,11.52,
gRif,11.48,
nij,11.46,
N@t,11.41,
fRiS,11.38,
vRON,11.36,
gR6d,11.35,
bRil,11.35,
SwEt,11.32,
lOm,11.27,
yz,11.26,
pan,11.26,
mjEl,11.16,
fR@Z,11.09,
sl@,11.08,
vjal,11.04,
mjEt,11.03,
lav,11.03,
k8it,11.01,
dan,10.98,
zaj,10.95,
blaZ,10.95,
tyt,10.94,
Ev,10.94,
p8e,10.92,
lab,10.89,
adn,10.87,
pij,10.85,
dj@s,10.78,
pOd,10.74,
gOg,10.7,
Swe,10.64,
bRwa,10.61,
tiS,10.6,
tam,10.58,
put,10.57,
gREf,10.55,
dwaz,10.53,
SjEn,10.52,
zR6,10.5,
gOt,10.48,
bOj,10.48,
Eb,10.48,
stE,10.42,
mOS,10.38,
plan,10.37,
pEN,10.37,
fR6t,10.37,
gl@t,10.34,
t8@t,10.29,
l6b,10.29,
sjEs,10.28,
m2t,10.28,
v9j,10.2,
kiG,10.18,
tRit,10.17,
dROg,10.14,
zym,10.13,
zu,10.06,
kRul,10.01,
byz,10,
R9j,10,
blEt,9.96,
S2,9.96,
l8E,9.93,
sym,9.92,
djE,9.89,
jEv,9.83,
s@m,9.81,
gRER,9.81,
hym,9.74,
bRan,9.71,
vju,9.7,
fyl,9.69,
kwE,9.68,
duj,9.67,
zja,9.66,
Sil,9.64,
aRn,9.58,
wat,9.57,
piZ,9.57,
stRikt,9.52,
p8@,9.5,
Sj6,9.49,
fad,9.47,
mwEt,9.45,
buf,9.45,
bj@s,9.45,
mOk,9.42,
kys,9.35,
djak,9.35,
dRO,9.3,
staz,9.29,
Zyk,9.29,
naj,9.24,
kRab,9.23,
ZjER,9.19,
kyz,9.16,
diZ,9.16,
bRus,9.16,
tR5t,9.13,
bid,9.13,
byn,9.12,
skwaR,9.1,
tRip,09.09,
lOS,09.09,
haS,09.09,
vji,09.06,
p2z,09.04,
vRO,09.03,
b8a,09.03,
vOg,9,
spyl,9,
lEd,8.99,
gOn,8.99,
pj2z,8.95,
2z,8.95,
Raz,8.94,
gEn,8.92,
sEv,8.88,
fwe,8.88,
bwaz,8.88,
sEg,8.86,
zig,8.85,
luS,8.83,
staR,8.82,
buj,8.81,
biz,8.8,
matS,8.77,
tOs,8.74,
pav,8.7,
gud,8.68,
Ziz,8.68,
pad,8.66,
tzin,8.65,
ljas,8.64,
pakt,8.63,
gRON,8.63,
RjOl,8.63,
NER,8.63,
kR6,8.61,
gOm,8.61,
pRel,8.6,
kRas,8.6,
g@g,8.58,
zim,8.57,
tl@d,8.55,
bik,8.55,
ROp,8.55,
kRup,8.51,
mam,8.48,
giR,8.48,
gRap,8.48,
klOn,8.46,
k8e,8.38,
mwal,8.36,
fEm,8.32,
tOz,8.3,
zad,8.28,
flOR,8.27,
dwitS,8.26,
RajS,8.26,
hOS,8.25,
g2,8.25,
klyz,8.22,
dEz,8.17,
bEN,8.17,
tROs,8.16,
kRaS,8.11,
stEp,8.1,
sed,8.1,
279,568.3,08.09
djOz,08.06,
z2z,08.04,
stRER,08.03,
djOt,08.03,
baS,08.03,
nEf,8,
Ryk,8,
mut,7.97,
dip,7.96,
b6d,7.96,
ZwaN,7.96,
dyp,7.94,
lEks,7.89,
sREl,7.87,
bRib,7.87,
kON,7.85,
b@t,7.85,
kOb,7.84,
flyt,7.81,
b1,7.8,
jyR,7.79,
fRit,7.79,
tRuj,7.77,
tREv,7.75,
bREz,7.74,
v5t,7.71,
hul,7.71,
Nak,7.7,
sl@t,7.68,
bOb,7.68,
ZEm,7.65,
kRES,7.62,
R6s,7.62,
njEs,7.55,
h8i,7.55,
gR5s,7.55,
lup,7.53,
bROd,7.53,
tERn,7.52,
pj@,7.52,
bif,7.52,
it,7.49,
baZ,7.49,
mwat,7.45,
dif,7.44,
z@Z,7.42,
spOz,7.42,
pROf,7.42,
vjOl,7.41,
sfe,7.41,
zOs,7.36,
lES,7.35,
pR1t,7.33,
nav,7.33,
jas,7.33,
lyS,7.31,
spas,7.26,
stag,7.25,
R5d,7.24,
dEp,7.23,
pROz,7.22,
buk,7.22,
bR9,7.21,
RyS,7.2,
SjOt,7.19,
Siz,7.19,
fREn,7.18,
hEt,7.16,
pjEt,7.15,
fRwas,7.15,
ZwaR,7.13,
kROm,7.1,
skiz,07.09,
NOn,07.08,
t1,07.07,
spin,07.06,
slav,07.03,
lOs,07.03,
kRwat,07.03,
piG,7,
hOp,7,
bib,7,
lyZ,6.97,
R6t,6.97,
t8O,6.96,
tiG,6.94,
mim,6.92,
dij,6.9,
bRES,6.9,
R8it,6.9,
dOs,6.88,
k@p,6.84,
fREl,6.84,
NEs,6.83,
pRev,6.82,
sRiz,6.77,
fROl,6.73,
laj,6.71,
gROm,6.71,
fR@d,6.71,
z2,6.7,
vwE,6.7,
vwan,6.68,
im,6.68,
R8e,6.68,
8it,6.68,
klun,6.67,
nwan,6.64,
jRa,6.61,
twaz,6.6,
glaZ,6.6,
t89R,6.58,
hyt,6.58,
kwaf,6.57,
pjOl,6.56,
kROb,6.54,
flER,6.54,
klwat,6.53,
bum,6.53,
Ritm,6.52,
N@s,6.52,
pON,6.51,
N9,6.51,
tR@p,6.48,
plEz,6.48,
mag,6.48,
ljEZ,6.48,
stOR,6.46,
jit,6.45,
gRuj,6.44,
slip,6.42,
hER,6.42,
fl5g,6.42,
nan,6.41,
diG,6.41,
blas,6.39,
t@S,6.38,
p9zl,6.35,
gRip,6.35,
dRy,6.35,
lEp,6.34,
fREz,6.32,
s5d,6.31,
Rim,6.31,
bR@t,6.27,
Zyl,6.23,
vR@s,6.22,
dil,6.22,
st5k,6.19,
pwaN,6.18,
gR@t,6.15,
dwaR,6.14,
gR5p,6.13,
bRak,6.12,
m2l,6.1,
pl6b,06.09,
pig,06.07,
z8it,06.06,
Sja,06.05,
vli,06.04,
sOg,06.03,
Rjan,06.03,
dj@t,5.99,
Zja,5.99,
flas,5.97,
fR5g,5.95,
nEj,5.91,
gaj,5.9,
stOp,5.89,
stiR,5.88,
liG,5.87,
sfOR,5.86,
vR2z,5.84,
tR2z,5.82,
NiR,5.82,
RON,5.81,
mwE,5.8,
lyd,5.8,
lwaz,5.79,
djas,5.79,
gyn,5.78,
sij,5.77,
kuj,5.77,
Raf,5.77,
tsaR,5.76,
nOp,5.76,
g9Rl,5.74,
fRas,5.74,
tad,5.73,
kwat,5.73,
f5t,5.71,
Zat,5.69,
dZak,5.68,
jy,5.67,
skOR,5.64,
nOz,5.6,
ljaZ,5.6,
lig,5.59,
kREp,5.58,
ed,5.58,
6k,5.57,
t5R,5.57,
l5g,5.55,
fROd,5.55,
SOn,5.53,
taz,5.52,
l8@,5.51,
bROS,5.5,
jEf,5.48,
fid,5.48,
tRikt,5.45,
b8@,5.45,
skle,5.43,
d8O,5.41,
zij,5.4,
tRakt,5.39,
kyv,5.39,
gnOs,5.39,
bj5v,5.39,
fROk,5.38,
tROz,5.37,
kwaRts,5.35,
dZaz,5.35,
h6g,5.32,
dim,5.32,
bRER,5.31,
zle,5.3,
bEZ,5.29,
swaN,5.25,
SOm,5.25,
dEk,5.24,
tR6b,5.23,
z9,5.19,
pR6t,5.19,
fREs,5.19,
bjEn,5.18,
tuz,5.16,
k8a,5.16,
g2z,5.15,
styR,5.13,
glOk,5.13,
gEp,5.13,
sklyR,5.12,
jOd,5.12,
R*k,5.12,
Ryg,5.1,
b9,05.07,
vad,05.06,
gR9R,4.99,
bwe,4.97,
fyg,4.96,
pOp,4.94,
fRiz,4.93,
bR8is,4.93,
On,4.92,
hus,4.9,
RwEt,4.9,
kROt,4.89,
blam,4.89,
tRus,4.88,
Zwis,4.87,
RwaZ,4.87,
gliZ,4.86,
NyR,4.83,
flet,4.81,
lOb,4.8,
flat,4.8,
NOt,4.8,
fj6,4.78,
RiG,4.78,
fRim,4.77,
sat,4.74,
bRis,4.73,
nwE,4.72,
gyl,4.71,
gOlf,4.71,
SORt,4.71,
bwav,4.68,
SOp,4.67,
ljOm,4.66,
m8@,4.65,
lw@Z,4.65,
vam,4.64,
jEz,4.64,
vR2,4.61,
tet,4.61,
NEt,4.61,
Zas,4.6,
SiS,4.6,
Zad,4.59,
Rwaz,4.59,
kjOs,4.58,
flaS,4.58,
s85,4.57,
gje,4.57,
nwiR,4.55,
n8ER,4.54,
gEs,4.54,
hOk,4.53,
tRap,4.52,
bOd,4.5,
n8iR,4.48,
gin,4.48,
plwa,4.47,
s8av,4.45,
lOd,4.44,
tRiS,4.43,
siG,4.41,
puf,4.41,
fOk,4.41,
tRyf,4.39,
p9n,4.36,
fild,4.36,
t8Et,4.35,
kRyR,4.35,
tjOl,4.34,
stig,4.34,
stRy,4.34,
jOl,4.34,
pjOS,4.32,
m*n,4.32,
k*t,4.32,
gij,4.31,
v@Z,4.3,
mjE,4.3,
kRik,4.3,
stis,4.29,
gnOz,4.29,
gRin,4.27,
sly,4.26,
pR2,4.26,
muj,4.25,
nyp,4.24,
pRyn,4.23,
jOS,4.23,
nif,4.22,
let,4.22,
klOp,4.22,
bRit,4.22,
REp,4.22,
lEm,4.21,
pOn,4.2,
Rwe,4.2,
huj,4.19,
bREt,4.19,
skRe,4.18,
njat,4.17,
kja,4.16,
blER,4.15,
sEm,4.14,
vROz,4.13,
spREs,4.13,
pjaf,4.12,
ljOR,4.12,
niN,4.1,
blEd,4.1,
bRyZ,4.1,
RES,04.09,
nEm,04.06,
ljyR,04.06,
gw5,04.06,
bES,04.06,
ZOl,04.06,
R6Z,04.05,
f2z,04.04,
vR9R,04.03,
tEks,04.03,
bRyp,04.03,
ROg,04.03,
sap,4,
pyN,4,
pj5,4,
dikt,4,
bRaZ,4,
Rym,4,
vRak,3.99,
klit,3.99,
glEt,3.99,
zEj,3.98,
bjEl,3.97,
s6d,3.94,
vjEm,3.93,
pjOm,3.93,
fR@k,3.93,
l8iR,3.9,
tR5d,3.89,
gOd,3.89,
kak,3.88,
djyR,3.87,
Of,3.86,
bl9,3.85,
t@k,3.84,
nOd,3.84,
dRak,3.84,
naz,3.82,
lwE,3.81,
kj6,3.81,
jak,3.81,
SEm,3.8,
ksi,3.79,
faS,3.79,
Eksplwat,3.79,
pRiv,3.77,
Z2n,3.77,
h@t,3.76,
dRi,3.76,
zjOm,3.75,
vR@t,3.74,
uf,3.74,
nid,3.74,
maS,3.74,
l@S,3.74,
dyz,3.74,
tag,3.73,
kROn,3.73,
z6p,3.71,
v9f,3.71,
t8OR,3.71,
spiR,3.71,
kR@p,3.71,
plOR,3.7,
vwaj,3.69,
kjEs,3.68,
h2,3.68,
gaS,3.68,
bw2,3.68,
bOks,3.68,
SEp,3.68,
pEd,3.67,
kwaz,3.67,
p6t,3.65,
kiR,3.65,
sjan,3.64,
luv,3.64,
dwE,3.64,
dEN,3.64,
sjyR,3.62,
mjOp,3.62,
tR9st,3.61,
skut,3.61,
Raks,3.61,
flyv,3.6,
6s,3.58,
tROd,3.58,
pif,3.58,
n5f,3.58,
maRk,3.58,
k@Z,3.58,
gRis,3.56,
klym,3.55,
bad,3.55,
vly,3.54,
zyt,3.52,
glEv,3.52,
gl9R,3.51,
flyR,3.5,
dZEn,3.49,
mEz,3.48,
bav,3.48,
Nas,3.48,
duR,3.46,
splOz,3.45,
skRib,3.45,
nOS,3.45,
luk,3.45,
lj@t,3.45,
k5t,3.44,
vuR,3.42,
blyR,3.42,
spaR,3.38,
tl*,3.36,
gEz,3.36,
fiZ,3.36,
vOS,3.35,
sf5ks,3.35,
ljEm,3.35,
ktik,3.35,
g6z,3.35,
glOt,3.35,
tR8iz,3.34,
snO,3.34,
n86,3.32,
buz,3.32,
plyS,3.31,
nOn,3.31,
ZOZ,3.29,
tREs,3.28,
bj@,3.28,
syt,3.27,
taf,3.26,
skOtS,3.26,
h9m,3.26,
fREt,3.26,
s82,3.25,
ljan,3.25,
kif,3.25,
baN,3.25,
ES,3.25,
kRin,3.24,
kOv,3.23,
tROt,3.21,
mOz,3.21,
lim,3.21,
flaZ,3.21,
snOb,3.2,
twe,3.19,
bw2z,3.19,
zRe,3.18,
d@p,3.17,
zut,3.16,
tskO,3.16,
plEd,3.16,
fug,3.16,
R6p,3.16,
R@S,3.15,
ym,3.13,
vla,3.13,
sjaZ,3.13,
sElf,3.12,
djEs,3.12,
bR6S,3.12,
vjOk,3.11,
wEs,3.1,
nEp,3.1,
hOm,3.1,
tun,03.09,
myt,03.09,
sEps,03.08,
fjO,03.08,
slin,03.06,
psOm,03.06,
majls,03.06,
f5d,03.06,
stin,03.05,
gRym,03.05,
s@g,03.04,
pRas,03.03,
fl@t,03.03,
laps,3,
n82z,2.99,
bRaj,2.99,
tOS,2.98,
t8Oz,2.97,
kaf,2.97,
bREl,2.97,
t6p,2.96,
blaz,2.96,
sR5g,2.94,
fjEf,2.94,
dad,2.94,
viG,2.93,
vR9j,2.93,
bja,2.92,
twaZ,2.9,
tSa,2.9,
skwO,2.9,
nEn,2.9,
kliN,2.9,
d8e,2.9,
spja,2.89,
guj,2.89,
yt,2.88,
suj,2.88,
nOl,2.87,
zuR,2.86,
bud,2.86,
az,2.85,
s82z,2.84,
lOv,2.83,
kRyS,2.83,
fjat,2.81,
dR8id,2.81,
vl@,2.8,
vim,2.8,
kREs,2.78,
dRag,2.78,
Z1,2.78,
pjOn,2.77,
R5ks,2.77,
@g,2.77,
vel,2.76,
fl8i,2.76,
pRES,2.74,
p8@t,2.74,
n8iz,2.74,
hik,2.74,
gwat,2.74,
ERts,2.74,
d@d,2.73,
psal,2.72,
stREp,2.71,
mja,2.71,
klOk,2.71,
SOs,2.71,
kaN,2.7,
fjas,2.7,
eg,2.7,
vREt,2.68,
tRyS,2.68,
bj@t,2.68,
fjOl,2.67,
tjOn,2.66,
twid,2.65,
patS,2.65,
l5b,2.64,
han,2.64,
s8ad,2.63,
kREN,2.62,
kREl,2.61,
Sut,2.59,
tR2,2.58,
sklam,2.57,
Sjal,2.57,
Sip,2.57,
sku,2.55,
jR6,2.55,
gRan,2.55,
flan,2.55,
dZip,2.55,
bjOz,2.55,
R8iz,2.55,
tuj,2.54,
l5p,2.54,
kOg,2.54,
spRO,2.53,
malt,2.52,
t6d,2.51,
dZe,2.51,
p9b,2.49,
Nj6,2.49,
uRt,2.48,
fR6s,2.48,
vjaR,2.47,
skRyt,2.47,
njEm,2.47,
blOt,2.46,
pup,2.45,
pREN,2.45,
gl5,2.45,
bwi,2.45,
but,2.45,
zOk,2.42,
vwak,2.42,
st@d,2.42,
paf,2.42,
ljOn,2.42,
bREp,2.42,
Zam,2.42,
S85t,2.42,
tOt,2.41,
pRag,2.41,
h8e,2.41,
Rel,2.41,
n8@t,2.4,
2s,2.39,
kuv,2.38,
fl@b,2.38,
fOlk,2.38,
zam,2.37,
niG,2.37,
ZOt,2.36,
kl9R,2.35,
bRyR,2.35,
Od,2.35,
stEl,2.33,
his,2.33,
ROf,2.33,
tyv,2.32,
tOst,2.32,
tOZ,2.32,
smO,2.32,
liS,2.32,
d5d,2.32,
vRij,2.31,
s8ER,2.31,
pEp,2.3,
tm@,2.29,
sR@,2.29,
ljams,2.29,
lap,2.28,
lEkt,2.28,
kw5s,2.28,
bRam,2.28,
sjat,2.27,
k6Z,2.27,
t8aj,2.26,
vOlt,2.25,
fwiR,2.25,
fl5,2.25,
bOf,2.25,
p8E,2.24,
fwEt,2.24,
fRis,2.24,
vwaz,2.23,
s9,2.23,
plEN,2.23,
glus,2.23,
Rjad,2.23,
waR,2.22,
vRis,2.21,
Sit,2.21,
f1t,2.2,
zag,2.19,
bRypt,2.19,
b@g,2.19,
niks,2.18,
mjOl,2.17,
ib,2.17,
flEg,2.17,
plad,2.16,
nEd,2.16,
bRaz,2.16,
@S,2.16,
z8E,2.15,
bl9f,2.15,
gREZ,2.14,
sej,2.13,
p1k,2.13,
fl6,2.13,
paz,2.12,
m9v,2.12,
lif,2.11,
tR9j,2.1,
suk,2.1,
pund,2.1,
Z*n,2.1,
pej,02.09,
fEl,02.09,
Zyt,02.09,
last,02.07,
dOS,02.07,
zjak,02.06,
st5,02.06,
sp5,02.06,
fOS,02.06,
Rup,02.04,
fEZ,02.03,
awt,02.03,
ZjE,02.03,
Nad,02.01,
tROk,2,
tRON,2,
tREj,2,
nw2,2,
njEz,2,
nam,2,
k85,2,
dOZ,2,
skRip,1.99,
fR6d,1.99,
diS,1.99,
bROm,1.99,
tSe,1.97,
sOld,1.97,
pw5d,1.97,
n8Om,1.97,
n82,1.97,
gwaR,1.97,
flip,1.97,
splOR,1.96,
pR6p,1.96,
muf,1.96,
ig,1.96,
fwin,1.96,
fl9Rt,1.96,
ZEz,1.96,
fliZ,1.95,
vRal,1.94,
san,1.94,
k8El,1.94,
Zul,1.94,
sOk,1.93,
mOZ,1.93,
h@p,1.93,
Zyg,1.93,
Rund,1.93,
wEt,1.91,
klEk,1.91,
Ziv,1.91,
tR9R,1.9,
s8@,1.9,
pjaj,1.9,
njOR,1.9,
klyS,1.9,
bREk,1.9,
b8ER,1.9,
bOz,1.88,
tsi,1.87,
tSEk,1.87,
s85t,1.87,
rE,1.87,
majl,1.87,
j@g,1.87,
glif,1.87,
gRiv,1.87,
fti,1.87,
fORd,1.87,
atp,1.87,
Ruk,1.87,
l8ER,1.86,
stRat,1.84,
pj9,1.84,
n6d,1.84,
buts,1.84,
svEl,1.83,
REks,1.83,
z8Et,1.81,
stROf,1.81,
gOld,1.81,
dOd,1.81,
p6S,1.8,
n5Z,1.8,
ljEs,1.8,
fEkt,1.8,
kwaR,1.79,
blaR,1.79,
njEl,1.78,
OZ,1.78,
vig,1.77,
naf,1.77,
kum,1.77,
fR@t,1.77,
dyv,1.77,
baf,1.77,
bREm,1.77,
bR*v,1.77,
Zym,1.76,
Rwi,1.75,
sjam,1.74,
mne,1.74,
kRwas,1.74,
fjEl,1.74,
Zw2z,1.74,
Rwad,1.74,
vlE,1.73,
pwas,1.73,
REz,1.72,
vj2z,1.71,
uj,1.71,
spRint,1.71,
sf5k,1.71,
paS,1.71,
Nul,1.71,
des,1.7,
tmO,1.68,
sjOl,1.68,
l8iz,1.68,
kik,1.68,
@v,1.68,
zib,1.67,
spat,1.67,
fRu,1.66,
zyp,1.65,
zwav,1.65,
slaR,1.65,
pst,1.65,
nwElt,1.65,
mo,1.65,
kwi,1.65,
jin,1.65,
bR@d,1.65,
bR8in,1.65,
Zw6,1.65,
Sw@,1.65,
fl@k,1.64,
Rjas,1.64,
R5s,1.64,
st8El,1.63,
gul,1.62,
gRiR,1.62,
nw2z,1.61,
mult,1.61,
m,1.61,
lut,1.61,
djEt,1.61,
dece,1.61,
akt,1.61,
Ryt,1.61,
vj@,1.6,
klOs,1.6,
aw,1.6,
vwi,1.58,
tsjEn,1.58,
tRij,1.58,
sju,1.58,
psO,1.58,
pluk,1.58,
maN,1.58,
lOjd,1.58,
dRyz,1.58,
waj,1.57,
Zap,1.57,
bly,1.56,
bab,1.55,
bR9j,1.55,
SjO,1.55,
zjE,1.54,
stEk,1.54,
s8E,1.54,
RwE,1.54,
R@g,1.54,
R8a,1.54,
R5k,1.54,
lag,1.52,
kwEt,1.52,
ktys,1.52,
klEps,1.52,
d9,1.52,
Rapt,1.52,
tj2z,1.51,
stRip,1.51,
lan,1.51,
kiv,1.51,
bR@k,1.51,
nib,1.49,
kRus,1.49,
vES,1.48,
us,1.48,
s8if,1.48,
mjyR,1.48,
flOk,1.48,
dab,1.48,
bw9R,1.48,
ZwER,1.48,
vap,1.45,
les,1.45,
gav,1.45,
fisk,1.45,
balt,1.45,
bR5g,1.45,
R8E,1.45,
tjaz,1.44,
dRaj,1.43,
vw6,1.42,
stal,1.42,
nuS,1.42,
kl,1.42,
hEl,1.42,
gnOm,1.42,
gRil,1.42,
skaR,1.41,
hav,1.41,
gjaR,1.41,
teZ,1.4,
t86,1.4,
tyf,1.39,
plaR,1.39,
nw@,1.39,
nEks,1.39,
Sj@,1.39,
t@g,1.38,
nip,1.38,
juR,1.38,
fRy,1.38,
skal,1.37,
deZ,1.37,
b2z,1.37,
gRum,1.36,
SwE,1.36,
twan,1.35,
tjal,1.35,
tjOm,1.35,
t9,1.35,
spRiG,1.35,
af,1.35,
fR9R,1.34,
tsa,1.33,
Zuk,1.33,
yg,1.32,
vw@,1.32,
ljEd,1.32,
klOt,1.32,
fEv,1.32,
fEb,1.32,
dym,1.32,
sR5,1.31,
mjas,1.3,
Ryl,1.3,
wal,1.29,
tjaR,1.29,
stOks,1.29,
plEks,1.29,
pl@d,1.29,
kl@d,1.29,
kRen,1.29,
dag,1.29,
laz,1.28,
bl9R,1.28,
Rjat,1.28,
tyRf,1.26,
stRO,1.26,
pl2v,1.26,
piz,1.26,
pROn,1.26,
lON,1.26,
fjEs,1.26,
fEz,1.26,
ZuG,1.26,
Nam,1.26,
piN,1.25,
lej,1.25,
pRak,1.24,
S85,1.24,
tR8is,1.23,
kOlt,1.23,
giN,1.23,
Z5d,1.23,
pRyd,1.22,
k@b,1.22,
g*s,1.22,
fyt,1.22,
9n,1.22,
d6t,1.21,
bjal,1.21,
Sl2,1.21,
styk,1.2,
piS,1.2,
zats,1.19,
vRit,1.19,
stR*,1.19,
mEns,1.19,
k8Ol,1.19,
dve,1.19,
Rib,1.19,
klaZ,1.18,
z@p,1.16,
uS,1.16,
stRas,1.16,
kwin,1.16,
bl6g,1.16,
ZEkt,1.16,
spje,1.15,
peS,1.15,
p2t,1.15,
k8E,1.15,
bROk,1.15,
kse,1.14,
zys,1.13,
vRER,1.13,
sas,1.13,
nuRs,1.13,
mjOS,1.13,
map,1.13,
mOb,1.13,
fRus,1.13,
dem,1.13,
b8@d,1.13,
REps,1.13,
EkskRwa,1.13,
skj9R,1.12,
kRal,1.12,
fRat,1.12,
RjEt,1.12,
waRd,1.1,
stju,1.1,
skaj,1.1,
gROl,1.1,
bRiR,1.1,
SjER,1.1,
vRum,01.09,
tput,01.09,
tRet,01.09,
stEd,01.09,
pEns,01.09,
kRuj,01.09,
glER,01.09,
f@Z,01.09,
bR9v,01.09,
Sam,01.09,
snak,01.07,
pR2z,01.07,
gl6,01.07,
dju,01.07,
biG,01.07,
zl9R,01.06,
tup,01.06,
sbERg,01.06,
plet,01.06,
pEZ,01.06,
duv,01.06,
bym,01.06,
beR,01.06,
bREZ,01.06,
Sid,01.06,
Ov,01.06,
gOb,01.05,
tw5,01.04,
n8O,01.04,
m@g,01.04,
gRw5,01.04,
viS,01.03,
tyz,01.03,
klEp,01.03,
kEk,01.03,
hap,01.03,
glEb,01.03,
S@p,01.03,
ReN,01.03,
klap,01.02,
klaf,01.02,
jam,01.02,
dR8i,01.02,
lw@,01.01,
vliR,1,
vOz,1,
spOt,1,
mjad,1,
kwan,1,
kRif,1,
gis,1,
gem,1,
fR5d,1,
djys,1,
dR9g,1,
bjOl,1,
bOZ,1,
SnOk,1,
pjEn,0.99,
talk,0.97,
tRiR,0.97,
sR2,0.97,
katS,0.97,
hEp,0.97,
dES,0.97,
bjOs,0.97,
Sim,0.97,
stagn,0.96,
m8@t,0.96,
ljat,0.96,
gap,0.96,
RjOs,0.96,
wiS,0.94,
swab,0.94,
pEks,0.94,
jOz,0.94,
gwaj,0.94,
djEz,0.94,
z@d,0.93,
sbiR,0.93,
pROt,0.93,
mjOm,0.93,
glOz,0.93,
fRej,0.93,
dZOb,0.93,
skis,0.92,
mj@t,0.92,
splin,0.91,
slOk,0.91,
gag,0.91,
z8is,0.9,
slaZ,0.9,
skif,0.9,
sk@d,0.9,
sRO,0.9,
putS,0.9,
n5b,0.9,
mwaz,0.9,
kRwaj,0.9,
j9,0.9,
fjul,0.9,
djy,0.9,
dZE,0.9,
bjOp,0.9,
bip,0.9,
bRig,0.9,
R5g,0.9,
Nuf,0.9,
skwa,0.89,
pte,0.89,
kEz,0.89,
Nat,0.89,
bj6,0.88,
wiR,0.87,
vROS,0.87,
tR5k,0.87,
sk6s,0.87,
pym,0.87,
nj@t,0.87,
lw9R,0.87,
l9ntS,0.87,
kiRS,0.87,
gwaS,0.87,
fwis,0.87,
bEg,0.87,
SRap,0.87,
RjOR,0.87,
Nim,0.87,
vOn,0.86,
plyR,0.86,
ag,0.86,
Zig,0.86,
zlyR,0.84,
stj5,0.84,
stR5,0.84,
lus,0.84,
lEst,0.84,
kjOR,0.84,
kROz,0.84,
iG,0.84,
gjER,0.84,
gROg,0.84,
fwaj,0.84,
dEsk,0.84,
b6z,0.84,
zli,0.83,
zj2t,0.83,
zj2,0.83,
stEn,0.83,
nOv,0.83,
ljak,0.83,
l8Et,0.83,
gsO,0.83,
bRut,0.83,
RRa,0.83,
spyR,0.82,
jRe,0.82,
dR6,0.82,
zlin,0.81,
zajn,0.81,
sR2z,0.81,
pwi,0.81,
njOk,0.81,
gl5g,0.81,
Zjal,0.81,
Rej,0.81,
R8@,0.81,
tilt,0.8,
nyd,0.8,
n@p,0.8,
kRaft,0.8,
flaR,0.8,
Sif,0.8,
wig,0.78,
stjEn,0.78,
waRf,0.77,
vwat,0.77,
vjOz,0.77,
v5m,0.77,
tRaZ,0.77,
t1k,0.77,
skEtS,0.77,
pluf,0.77,
p*n,0.77,
njuz,0.77,
lwaZ,0.77,
luf,0.77,
kjO,0.77,
jys,0.77,
gmEs,0.77,
flEm,0.77,
bjEf,0.77,
RwEl,0.77,
R9S,0.77,
Nit,0.77,
N9l,0.77,
sni,0.75,
pROd,0.75,
SjuR,0.75,
spid,0.74,
sp*,0.74,
sl9R,0.74,
mud,0.74,
mib,0.74,
klaS,0.74,
kROl,0.74,
hip,0.74,
dav,0.74,
bR8iR,0.74,
R9n,0.74,
stik,0.73,
stet,0.73,
snif,0.73,
gj6,0.73,
fRip,0.73,
eb,0.73,
kRet,0.72,
vlis,0.71,
vOs,0.71,
v@p,0.71,
tjag,0.71,
tROp,0.71,
tREp,0.71,
sOGg,0.71,
nwat,0.71,
mjOt,0.71,
l5ks,0.71,
kj@,0.71,
kRaZ,0.71,
gwap,0.71,
flOp,0.71,
fl@S,0.71,
bRajt,0.71,
Z6S,0.71,
Zwas,0.71,
Sjas,0.71,
Rud,0.71,
R8ER,0.71,
R*p,0.71,
v5k,0.7,
spRin,0.7,
kuz,0.7,
g5p,0.7,
fjORd,0.7,
d8al,0.7,
bRej,0.7,
ljOt,0.69,
zOb,0.68,
wEl,0.68,
l86,0.68,
fOks,0.68,
f9st,0.68,
bef,0.68,
bRidZ,0.68,
Zaj,0.68,
Ruf,0.68,
vjEl,0.67,
pjOt,0.67,
k8iz,0.67,
j@d,0.67,
bw5,0.67,
bl5d,0.67,
gnO,0.66,
ep,0.66,
daz,0.66,
zuj,0.65,
z9j,0.65,
tjaZ,0.65,
skalp,0.65,
lyks,0.65,
f9l,0.65,
eR,0.65,
bun,0.65,
bjad,0.65,
Sj@t,0.65,
R8Ols,0.65,
win,0.64,
vRim,0.64,
uv,0.64,
skup,0.64,
sOZ,0.64,
mjEs,0.64,
kman,0.64,
hit,0.64,
giG,0.64,
ek,0.64,
djOd,0.64,
dRij,0.64,
bRjO,0.64,
S*vsn,0.64,
ven,0.63,
stR@,0.63,
skRi,0.63,
kjet,0.63,
vjOm,0.62,
kwER,0.62,
kliv,0.62,
kab,0.62,
kRER,0.62,
def,0.62,
Z5g,0.62,
z8a,0.61,
wu,0.61,
tSEs,0.61,
t9b,0.61,
m8ER,0.61,
l5f,0.61,
kwak,0.61,
kmEn,0.61,
hyp,0.61,
ham,0.61,
flint,0.61,
fif,0.61,
fEN,0.61,
dw5,0.61,
djOs,0.61,
bjOt,0.61,
bRuk,0.61,
Zal,0.61,
ZOd,0.61,
Ref,0.61,
RdOz,0.61,
R@tS,0.61,
slER,0.6,
mjal,0.6,
zR5,0.58,
tR5g,0.58,
pROb,0.58,
njyl,0.58,
njOd,0.58,
myd,0.58,
l8En,0.58,
kwik,0.58,
jaRk,0.58,
gwin,0.58,
guZ,0.58,
giS,0.58,
giGs,0.58,
gR5g,0.58,
dRap,0.58,
bRin,0.58,
SjyR,0.58,
staf,0.57,
pROg,0.57,
dREn,0.57,
Zj@,0.57,
ZaZ,0.57,
bR9R,0.56,
vROt,0.55,
t6t,0.55,
tzj5,0.55,
tRat,0.55,
stRim,0.55,
pj6s,0.55,
pju,0.55,
pjad,0.55,
pRet,0.55,
pOv,0.55,
pERm,0.55,
hwER,0.55,
hup,0.55,
huR,0.55,
gyz,0.55,
gwi,0.55,
dspat,0.55,
djEm,0.55,
djEd,0.55,
dRajv,0.55,
byRn,0.55,
blin,0.55,
blat,0.55,
bl2z,0.55,
SwaZ,0.55,
SwER,0.55,
Nin,0.55,
5m,0.55,
zlaZ,0.54,
tw9R,0.54,
s6b,0.54,
sig,0.54,
dRas,0.54,
ZjOm,0.54,
Ran,0.54,
xe,0.52,
tuN,0.52,
tRim,0.52,
stREs,0.52,
set,0.52,
pam,0.52,
p5k,0.52,
mysk,0.52,
med,0.52,
kR9R,0.52,
dZins,0.52,
bjaZ,0.52,
batz,0.52,
bERk,0.52,
Zaks,0.52,
ZEst,0.52,
Z8a,0.52,
Sstag,0.52,
Snaps,0.52,
Ribd,0.52,
w5,0.51,
sk6,0.51,
skwam,0.51,
skRO,0.51,
pl2t,0.51,
nym,0.51,
lj2z,0.51,
lib,0.51,
liZ,0.51,
kjas,0.51,
glan,0.51,
fl*t,0.51,
bR5k,0.51,
Zjak,0.51,
sli,0.5,
vj@t,0.48,
swi,0.48,
pjas,0.48,
o,0.48,
nEksplwa,0.48,
n@d,0.48,
mwiz,0.48,
miZ,0.48,
laks,0.48,
kun,0.48,
jREt,0.48,
gRaj,0.48,
gR@s,0.48,
fjOk,0.48,
fREj,0.48,
djOp,0.48,
dOb,0.48,
bROl,0.48,
bREj,0.48,
bOp,0.48,
stR6,0.47,
fakt,0.46,
zyf,0.45,
vliG,0.45,
twist,0.45,
tjeR,0.45,
t8as,0.45,
skRipt,0.45,
pag,0.45,
gOj,0.45,
fRits,0.45,
dRis,0.45,
Sips,0.45,
R6b,0.45,
zlE,0.44,
zjal,0.44,
swiG,0.44,
s*m,0.44,
NEl,0.44,
RRE,0.43,
zj@,0.42,
vlin,0.42,
tsO,0.42,
tSER,0.42,
stRakt,0.42,
skER,0.42,
pyS,0.42,
pliz,0.42,
lj9R,0.42,
lEb,0.42,
l2s,0.42,
kjal,0.42,
kitS,0.42,
jl@,0.42,
gnEs,0.42,
glOs,0.42,
gil,0.42,
gR*t,0.42,
flyb,0.42,
flag,0.42,
fl@d,0.42,
faf,0.42,
dR5k,0.42,
d8EN,0.42,
bjEz,0.42,
NOs,0.42,
ERg,0.42,
vwER,0.41,
tRiz,0.41,
tREN,0.41,
spyg,0.41,
sjeZ,0.41,
sRin,0.41,
kzaR,0.41,
kOtS,0.41,
gej,0.41,
bRyk,0.41,
bRad,0.41,
b86,0.41,
ZEN,0.41,
zip,0.39,
vl2z,0.39,
tsj5,0.39,
tsaj,0.39,
swaz,0.39,
spRat,0.39,
smaS,0.39,
sk*tS,0.39,
pl9m,0.39,
paks,0.39,
no,0.39,
mun,0.39,
mOj,0.39,
m9st,0.39,
lwER,0.39,
kj2z,0.39,
gwan,0.39,
fuZ,0.39,
dman,0.39,
byRg,0.39,
bORdZ,0.39,
Zan,0.39,
Sp5,0.39,
Rip,0.39,
zjat,0.38,
vRad,0.38,
tRje,0.38,
sple,0.38,
sma,0.38,
pRik,0.38,
maz,0.38,
kjy,0.38,
djad,0.38,
bam,0.38,
SiN,0.38,
gl2z,0.37,
tej,0.36,
plOt,0.36,
pR9,0.36,
myf,0.36,
kiS,0.36,
h8aR,0.36,
dZ9m,0.36,
vl2,0.35,
vajs,0.35,
tiN,0.35,
t9l,0.35,
t5s,0.35,
spitS,0.35,
s*t,0.35,
plEb,0.35,
pRints,0.35,
nwER,0.35,
ned,0.35,
nERv,0.35,
lwaj,0.35,
lun,0.35,
l@k,0.35,
kj2,0.35,
kilt,0.35,
kRam,0.35,
jup,0.35,
jan,0.35,
hyS,0.35,
gRund,0.35,
g5d,0.35,
fyk,0.35,
dOks,0.35,
Zaf,0.35,
Sl5g,0.35,
Rw@,0.35,
stj5d,0.33,
dwEl,0.33,
dEZ,0.33,
zwal,0.32,
wist,0.32,
vEg,0.32,
t6g,0.32,
tyS,0.32,
tOb,0.32,
sjOd,0.32,
sREs,0.32,
palm,0.32,
pRus,0.32,
p2l,0.32,
mOp,0.32,
m2n,0.32,
ljEt,0.32,
lOtl,0.32,
lOf,0.32,
lEf,0.32,
kw5t,0.32,
kjEn,0.32,
k8@,0.32,
gRuz,0.32,
gEj,0.32,
fRON,0.32,
dRiG,0.32,
byZ,0.32,
bRiS,0.32,
b@s,0.32,
Zyb,0.32,
ZyS,0.32,
Z5b,0.32,
Swan,0.32,
SwORk,0.32,
Sus,0.32,
Slas,0.32,
SES,0.32,
Rum,0.32,
Net,0.32,
skje,0.31,
fOb,0.31,
zREn,0.29,
zEm,0.29,
zERn,0.29,
wuG,0.29,
wit,0.29,
w5t,0.29,
tgEn,0.29,
tSet,0.29,
tRjEl,0.29,
tR8El,0.29,
sROn,0.29,
s9n,0.29,
plOk,0.29,
p8ER,0.29,
muk,0.29,
m8Ed,0.29,
ljOs,0.29,
lajt,0.29,
kunt,0.29,
klEbs,0.29,
kju,0.29,
k@d,0.29,
k8id,0.29,
k8Om,0.29,
hyn,0.29,
haj,0.29,
gwal,0.29,
fRam,0.29,
djam,0.29,
dR5,0.29,
buN,0.29,
bjOk,0.29,
bOld,0.29,
bOg,0.29,
SlEm,0.29,
S1t,0.29,
zjaR,0.28,
z8i,0.28,
twis,0.28,
pyd,0.28,
ped,0.28,
jat,0.28,
gz@,0.28,
zed,0.26,
zaN,0.26,
z8e,0.26,
xOs,0.26,
wO,0.26,
vluf,0.26,
vl9R,0.26,
vjOt,0.26,
uz,0.26,
tjOt,0.26,
t2k,0.26,
st9R,0.26,
sput,0.26,
skOt,0.26,
s@b,0.26,
s8@t,0.26,
pwE,0.26,
ptOz,0.26,
pEg,0.26,
najt,0.26,
mORf,0.26,
m1s,0.26,
ljOz,0.26,
klEz,0.26,
jap,0.26,
hil,0.26,
hEm,0.26,
gliS,0.26,
gl2,0.26,
gjOl,0.26,
gRawnd,0.26,
gROv,0.26,
g@b,0.26,
fwaZ,0.26,
fjy,0.26,
fet,0.26,
faN,0.26,
fROm,0.26,
dZERk,0.26,
dRil,0.26,
biks,0.26,
bRim,0.26,
bREd,0.26,
b9Rk,0.26,
Zaz,0.26,
SnOR,0.26,
Sjit,0.26,
SiG,0.26,
Sad,0.26,
S9p,0.26,
Rj@d,0.26,
tRys,0.25,
tROl,0.25,
leb,0.25,
leS,0.25,
klad,0.25,
k@S,0.25,
gwaz,0.25,
guz,0.25,
glOg,0.25,
gab,0.25,
gORn,0.25,
flOS,0.25,
fEn,0.25,
dwin,0.25,
dun,0.25,
ded,0.25,
Sl5,0.25,
SjaR,0.25,
S1,0.25,
Rjak,0.25,
RjOz,0.25,
vjOR,0.23,
tsman,0.23,
tRwaz,0.23,
t8al,0.23,
stRiG,0.23,
st8OR,0.23,
spE,0.23,
smaRt,0.23,
pyg,0.23,
plOf,0.23,
pOst,0.23,
nwaZ,0.23,
njOn,0.23,
njEt,0.23,
mand,0.23,
ljy,0.23,
links,0.23,
lOft,0.23,
kRym,0.23,
gRwa,0.23,
g5S,0.23,
flOks,0.23,
fjyR,0.23,
dgRO,0.23,
bl@d,0.23,
biN,0.23,
Sj2z,0.23,
Ruz,0.23,
R1,0.23,
t8Es,0.22,
slup,0.22,
skj2z,0.22,
sikl,0.22,
sfEN,0.22,
miG,0.22,
h@s,0.22,
gRim,0.22,
fluz,0.22,
fiG,0.22,
dub,0.22,
djOl,0.22,
dROp,0.22,
d9n,0.22,
bjOm,0.22,
bROZ,0.22,
Swi,0.22,
Sj9R,0.22,
SOR,0.22,
Rag,0.22,
Ep,0.22,
sfO,0.21,
l*k,0.21,
kj5,0.21,
skwajR,0.2,
sf5Z,0.2,
gwam,0.2,
R@b,0.2,
zum,0.19,
zR*R,0.19,
w5d,0.19,
tfas,0.19,
tROm,0.19,
tREl,0.19,
stut,0.19,
stOl,0.19,
st5R,0.19,
spil,0.19,
spRum,0.19,
skwal,0.19,
saG,0.19,
s9Rf,0.19,
pwik,0.19,
ptja,0.19,
pj@t,0.19,
pj@s,0.19,
pj2t,0.19,
pRij,0.19,
pRER,0.19,
nOks,0.19,
n8am,0.19,
mORdv,0.19,
ksgzi,0.19,
kliS,0.19,
kRjO,0.19,
kRig,0.19,
kREps,0.19,
kR@t,0.19,
k8O,0.19,
jOp,0.19,
jEd,0.19,
hORst,0.19,
g6s,0.19,
gum,0.19,
guRt,0.19,
glut,0.19,
glip,0.19,
g5s,0.19,
f8e,0.19,
d8ER,0.19,
blij,0.19,
Zwam,0.19,
Zij,0.19,
SpReS,0.19,
S8a,0.19,
Rjys,0.19,
REksplwa,0.19,
REjs,0.19,
Nan,0.19,
N5,0.19,
tR9s,0.18,
spy,0.18,
slEk,0.18,
pne,0.18,
byk,0.18,
R*w,0.18,
Nis,0.18,
zjOz,0.16,
zOS,0.16,
vys,0.16,
vElS,0.16,
tkyR,0.16,
tfa,0.16,
tab,0.16,
tREk,0.16,
tEd,0.16,
tES,0.16,
svas,0.16,
stRyz,0.16,
stROm,0.16,
spjE,0.16,
snip,0.16,
smOk,0.16,
slOt,0.16,
sjad,0.16,
sjEz,0.16,
sElts,0.16,
ptO,0.16,
plaz,0.16,
plOz,0.16,
pjed,0.16,
pft,0.16,
pRin,0.16,
nyz,0.16,
nw6,0.16,
nw9R,0.16,
nun,0.16,
nikl,0.16,
n8at,0.16,
myS,0.16,
mj@,0.16,
mint,0.16,
m8i,0.16,
lw6,0.16,
l9p,0.16,
ktO,0.16,
ko,0.16,
kni,0.16,
kjam,0.16,
kalf,0.16,
kaRst,0.16,
k9ls,0.16,
k5p,0.16,
k5k,0.16,
jut,0.16,
hadZ,0.16,
h8@,0.16,
glyR,0.16,
glEn,0.16,
gEl,0.16,
fw@,0.16,
fuk,0.16,
flEks,0.16,
fl2z,0.16,
dwER,0.16,
dZu,0.16,
dRift,0.16,
dEg,0.16,
d8E,0.16,
byN,0.16,
bwif,0.16,
bwan,0.16,
blum,0.16,
bliG,0.16,
blES,0.16,
bRuf,0.16,
bRif,0.16,
bR5d,0.16,
b5t,0.16,
Sw6,0.16,
Suj,0.16,
S*f,0.16,
R6S,0.16,
Rajt,0.16,
RRO,0.16,
REZ,0.16,
Ojl,0.16,
Nje,0.16,
EN,0.16,
@b,0.16,
tyk,0.15,
sev,0.15,
sOp,0.15,
lOl,0.15,
gwE,0.15,
fREk,0.15,
RjEk,0.15,
RR6,0.15,
zalt,0.13,
wil,0.13,
waN,0.13,
vuZ,0.13,
vtOl,0.13,
vlaZ,0.13,
vlER,0.13,
vl5,0.13,
vj@s,0.13,
vElt,0.13,
ust,0.13,
tRj5,0.13,
tEg,0.13,
t@Z,0.13,
styp,0.13,
stREtS,0.13,
stEt,0.13,
splaS,0.13,
sl6,0.13,
sliG,0.13,
slat,0.13,
skip,0.13,
skRa,0.13,
skE,0.13,
sfig,0.13,
sfEn,0.13,
sR@d,0.13,
s*n,0.13,
pwaz,0.13,
plit,0.13,
palp,0.13,
pRyR,0.13,
pOf,0.13,
p1,0.13,
nub,0.13,
njaR,0.13,
nen,0.13,
makR,0.13,
mOps,0.13,
mEnt,0.13,
m86,0.13,
lyz,0.13,
lwin,0.13,
laf,0.13,
k6f,0.13,
kwEs,0.13,
kte,0.13,
kmER,0.13,
klil,0.13,
kag,0.13,
kR2t,0.13,
jOtl,0.13,
had,0.13,
gnu,0.13,
glik,0.13,
glOp,0.13,
gaRk,0.13,
gRen,0.13,
fta,0.13,
fl9S,0.13,
fen,0.13,
fRwe,0.13,
dw*R,0.13,
dkat,0.13,
dRav,0.13,
dREd,0.13,
dEb,0.13,
blitz,0.13,
bliS,0.13,
big,0.13,
bRyS,0.13,
bROn,0.13,
bREn,0.13,
b9l,0.13,
Z1t,0.13,
Sum,0.13,
SsmaRk,0.13,
SmEnt,0.13,
SjOl,0.13,
Sints,0.13,
zj@t,0.12,
tlO,0.12,
spRys,0.12,
sab,0.12,
sOd,0.12,
plij,0.12,
pjaZ,0.12,
nej,0.12,
mjed,0.12,
ljam,0.12,
lil,0.12,
leZ,0.12,
l@b,0.12,
l*g,0.12,
kl6,0.12,
haz,0.12,
gyt,0.12,
gwe,0.12,
dw@,0.12,
daf,0.12,
dZjO,0.12,
d*n,0.12,
bwin,0.12,
bROz,0.12,
8a,0.12,
zwajl,0.1,
zikl,0.1,
z*n,0.1,
xam,0.1,
vet,0.1,
vRin,0.1,
vOm,0.1,
twil,0.1,
tuG,0.1,
tsmEn,0.1,
tRaj,0.1,
t8Ol,0.1,
swit,0.1,
sult,0.1,
slEg,0.1,
skat,0.1,
skRatS,0.1,
saks,0.1,
psit,0.1,
psa,0.1,
paRd,0.1,
pSit,0.1,
pRes,0.1,
nuz,0.1,
n8as,0.1,
lift,0.1,
l8am,0.1,
kw6,0.1,
knut,0.1,
kaRt,0.1,
kR6s,0.1,
kRap,0.1,
k8ER,0.1,
jav,0.1,
jOs,0.1,
h8a,0.1,
gw5s,0.1,
fyn,0.1,
fed,0.1,
es,0.1,
dum,0.1,
dmEn,0.1,
dRjO,0.1,
blav,0.1,
bj2z,0.1,
bORtS,0.1,
b8aZ,0.1,
S6s,0.1,
Sv@ts,0.1,
Suz,0.1,
Ssw9R,0.1,
Slag,0.1,
Sjy,0.1,
S9Rt,0.1,
Ryn,0.1,
RwEn,0.1,
Rift,0.1,
R@z,0.1,
R5b,0.1,
zOz,0.09,
zOp,0.09,
zEk,0.09,
vjat,0.09,
twE,0.09,
tmEt,0.09,
tSO,0.09,
tRav,0.09,
t5m,0.09,
smi,0.09,
smEk,0.09,
slyR,0.09,
skja,0.09,
skjE,0.09,
skRet,0.09,
skR9b,0.09,
sjaR,0.09,
sgzi,0.09,
plu,0.09,
plam,0.09,
pjeZ,0.09,
pj9R,0.09,
pfe,0.09,
pERd,0.09,
p*t,0.09,
naks,0.09,
n*k,0.09,
m89R,0.09,
ljen,0.09,
ljOl,0.09,
lij,0.09,
l8@t,0.09,
l*ksksgzi,0.09,
kwam,0.09,
ksli,0.09,
kOf,0.09,
k8aZ,0.09,
hwa,0.09,
gne,0.09,
gRyR,0.09,
g8e,0.09,
flask,0.09,
flOn,0.09,
fj2z,0.09,
fROz,0.09,
fOld,0.09,
dwis,0.09,
djaR,0.09,
b8iR,0.09,
b*g,0.09,
SjE,0.09,
RwER,0.09,
RRe,0.09,
zv5,0.06,
zuk,0.06,
zla,0.06,
zjOg,0.06,
xO,0.06,
vwam,0.06,
vikt,0.06,
vib,0.06,
vaRv,0.06,
vRam,0.06,
vROp,0.06,
vROl,0.06,
uns,0.06,
tz2,0.06,
tyg,0.06,
twaj,0.06,
tul,0.06,
tuk,0.06,
tsy,0.06,
tsan,0.06,
tpO,0.06,
tn9R,0.06,
tjas,0.06,
tjOz,0.06,
tbi,0.06,
tSi,0.06,
tRj6,0.06,
tRjEn,0.06,
tROS,0.06,
tOks,0.06,
tOg,0.06,
tEjd,0.06,
t5G,0.06,
szlak,0.06,
swul,0.06,
sw*,0.06,
stip,0.06,
stim,0.06,
stej,0.06,
stR6b,0.06,
stEm,0.06,
spl@k,0.06,
spjat,0.06,
smak,0.06,
sl2z,0.06,
skwat,0.06,
sjy,0.06,
sjOz,0.06,
sfu,0.06,
sdal,0.06,
sRje,0.06,
s8O,0.06,
s5g,0.06,
pyp,0.06,
pyk,0.06,
pyf,0.06,
pun,0.06,
pjal,0.06,
pjOd,0.06,
palk,0.06,
pSyt,0.06,
pRit,0.06,
pReN,0.06,
pRaz,0.06,
pRaZ,0.06,
p@p,0.06,
n6b,0.06,
nuR,0.06,
nman,0.06,
njyR,0.06,
njul,0.06,
njas,0.06,
njEts,0.06,
nOf,0.06,
n85,0.06,
n2s,0.06,
m6k,0.06,
myZ,0.06,
muz,0.06,
mund,0.06,
mjaz,0.06,
mjat,0.06,
mjEd,0.06,
mip,0.06,
mig,0.06,
malm,0.06,
mORd,0.06,
mEZ,0.06,
luks,0.06,
ljji,0.06,
lji,0.06,
lj@d,0.06,
lOj,0.06,
l@gR,0.06,
l5S,0.06,
kwaj,0.06,
kwaZ,0.06,
kwaRk,0.06,
kuf,0.06,
kuRt,0.06,
kssi,0.06,
kslji,0.06,
ksaR,0.06,
kmEt,0.06,
klwaR,0.06,
klaz,0.06,
klatR,0.06,
kl@p,0.06,
kl2,0.06,
kRij,0.06,
kROp,0.06,
kREz,0.06,
kORd,0.06,
kEf,0.06,
k2t,0.06,
k*R,0.06,
jyl,0.06,
jim,0.06,
j@b,0.06,
hak,0.06,
gun,0.06,
glOf,0.06,
get,0.06,
gRiS,0.06,
gReZ,0.06,
gREg,0.06,
gR2,0.06,
gOp,0.06,
fwas,0.06,
fwEn,0.06,
fjam,0.06,
fjEn,0.06,
fj5,0.06,
fR8it,0.06,
fEks,0.06,
fERv,0.06,
f8is,0.06,
dzan,0.06,
dwO,0.06,
dspa,0.06,
dREZ,0.06,
dR9m,0.06,
byf,0.06,
bwEt,0.06,
blyk,0.06,
blak,0.06,
blEz,0.06,
bl9S,0.06,
bjaz,0.06,
binz,0.06,
bes,0.06,
bRje,0.06,
bRiZ,0.06,
bReZ,0.06,
bR@s,0.06,
b@S,0.06,
Zjas,0.06,
ZjOR,0.06,
ZjEk,0.06,
Zet,0.06,
Swam,0.06,
Stuj,0.06,
Snik,0.06,
Sjis,0.06,
SaS,0.06,
Rwal,0.06,
Rjij,0.06,
Reg,0.06,
RaRk,0.06,
RaN,0.06,
REg,0.06,
R@m,0.06,
R2m,0.06,
Opt,0.06,
Nj5,0.06,
ERtz,0.06,
ERl,0.06,
5p,0.06,
5f,0.06,
2t,0.06,
6b,0.03,
zlO,0.03,
zl@,0.03,
zjyR,0.03,
ziz,0.03,
zej,0.03,
zaks,0.03,
zaRk,0.03,
zROl,0.03,
zOj,0.03,
zEst,0.03,
zEb,0.03,
z@n,0.03,
yk,0.03,
yS,0.03,
yRf,0.03,
wwa,0.03,
wip,0.03,
wim,0.03,
wiG,0.03,
waks,0.03,
wOl,0.03,
vl6,0.03,
vlas,0.03,
vlam,0.03,
vitS,0.03,
vRj6,0.03,
vRje,0.03,
vRik,0.03,
vOks,0.03,
vERd,0.03,
v9l,0.03,
uld,0.03,
ul,0.03,
ug,0.03,
t6kl,0.03,
tzik,0.03,
tvO,0.03,
tswER,0.03,
ts5,0.03,
tman,0.03,
tl@,0.03,
tjak,0.03,
tj@t,0.03,
tdat,0.03,
tbij,0.03,
tatl,0.03,
tajm,0.03,
tSu,0.03,
tR6k,0.03,
tR9,0.03,
tOjvskj5,0.03,
t8am,0.03,
t1g,0.03,
t*n,0.03,
swip,0.03,
svji,0.03,
svi,0.03,
stj6,0.03,
stat,0.03,
stRin,0.03,
stRid,0.03,
stRiZ,0.03,
stRad,0.03,
stROs,0.03,
stROR,0.03,
stR9m,0.03,
st8ER,0.03,
spun,0.03,
spal,0.03,
spORt,0.03,
spEs,0.03,
smiR,0.03,
smOg,0.03,
sluS,0.03,
slu,0.03,
slOm,0.03,
sl@g,0.03,
skwaS,0.03,
skald,0.03,
skREt,0.03,
skRE,0.03,
sjas,0.03,
sjOR,0.03,
sjEm,0.03,
sib,0.03,
siRs,0.03,
sgziv,0.03,
sgzij,0.03,
sfag,0.03,
sfRa,0.03,
sag,0.03,
sRj6,0.03,
sRil,0.03,
sORb,0.03,
sERk,0.03,
s@Z,0.03,
s8aZ,0.03,
s8Et,0.03,
pwin,0.03,
ptiks,0.03,
pskEnt,0.03,
psOk,0.03,
plja,0.03,
pjet,0.03,
pjat,0.03,
pjaR,0.03,
pjEz,0.03,
piv,0.03,
paRt,0.03,
pRuf,0.03,
pRal,0.03,
pRad,0.03,
pR8i,0.03,
pERS,0.03,
p8a,0.03,
p*R,0.03,
nwaj,0.03,
nwEt,0.03,
njOz,0.03,
njOt,0.03,
njOs,0.03,
njOl,0.03,
niv,0.03,
nEkt,0.03,
m6R,0.03,
mwi,0.03,
muft,0.03,
migR,0.03,
max,0.03,
maRt,0.03,
maRS,0.03,
mERt,0.03,
m8am,0.03,
m5l,0.03,
m*nt,0.03,
lwat,0.03,
lwam,0.03,
lw2z,0.03,
liks,0.03,
lal,0.03,
lOw,0.03,
lERn,0.03,
l8as,0.03,
l5k,0.03,
l1p,0.03,
l*v,0.03,
l*ksvjji,0.03,
l*ksv,0.03,
l*ksksvjji,0.03,
l*ksksvji,0.03,
l*ksksv,0.03,
l*ksksksvjji,0.03,
l*ksksksvji,0.03,
l*ksksksvi,0.03,
l*ksksksv,0.03,
l*ksksgziv,0.03,
l*ksksgzij,0.03,
l*ksks,0.03,
l*ks,0.03,
l,0.03,
kza,0.03,
kwas,0.03,
kw9R,0.03,
kuk,0.03,
ksvy,0.03,
kssjji,0.03,
kssiv,0.03,
kslvjji,0.03,
kslvji,0.03,
kslvi,0.03,
kslv,0.03,
ksljji,0.03,
ksliv,0.03,
kskvjji,0.03,
kskvji,0.03,
kskvi,0.03,
kskv,0.03,
kskst,0.03,
ksat,0.03,
ksO,0.03,
ksEm,0.03,
kp5s,0.03,
kne,0.03,
klut,0.03,
klams,0.03,
kl@t,0.03,
kjuR,0.03,
kjEk,0.03,
kaRg,0.03,
kRuz,0.03,
kRuR,0.03,
kRil,0.03,
kRaj,0.03,
kORn,0.03,
kEtS,0.03,
kERn,0.03,
k@g,0.03,
k9l,0.03,
k86,0.03,
k8at,0.03,
jun,0.03,
jji,0.03,
jiv,0.03,
jaz,0.03,
jawl,0.03,
jROs,0.03,
jES,0.03,
idn,0.03,
hin,0.03,
h8ER,0.03,
h8E,0.03,
gwO,0.03,
gl8i,0.03,
gja,0.03,
gRyZ,0.03,
gRiN,0.03,
gRaZ,0.03,
gREb,0.03,
gR5S,0.03,
gR2z,0.03,
g@S,0.03,
g*l,0.03,
fluv,0.03,
flud,0.03,
flav,0.03,
fj9R,0.03,
fj2,0.03,
fRut,0.03,
fRet,0.03,
fRen,0.03,
fROst,0.03,
fREN,0.03,
fR5t,0.03,
fOp,0.03,
fOjl,0.03,
f9n,0.03,
f2n,0.03,
ev,0.03,
duk,0.03,
duf,0.03,
daS,0.03,
dR6t,0.03,
dRuj,0.03,
dROm,0.03,
dR9,0.03,
d@g,0.03,
d8Om,0.03,
d8@t,0.03,
d5s,0.03,
d2t,0.03,
d*b,0.03,
bysk,0.03,
bwaj,0.03,
buRg,0.03,
blus,0.03,
blOd,0.03,
bl@k,0.03,
biZ,0.03,
baRn,0.03,
bRRa,0.03,
bR9nS,0.03,
bORktk,0.03,
bEb,0.03,
bERg,0.03,
b8iz,0.03,
b8is,0.03,
b8am,0.03,
aft,0.03,
Zwal,0.03,
ZjOs,0.03,
ZjOn,0.03,
Zif,0.03,
Zab,0.03,
Spil,0.03,
Snuf,0.03,
Snit,0.03,
Sman,0.03,
Sma,0.03,
Slit,0.03,
Sli,0.03,
SlOf,0.03,
SOl,0.03,
S5t,0.03,
S5s,0.03,
S*n,0.03,
Rwu,0.03,
Rwis,0.03,
Rub,0.03,
RjOn,0.03,
Riks,0.03,
Ren,0.03,
REts,0.03,
R86,0.03,
R8am,0.03,
R2t,0.03,
R*m,0.03,
R*R,0.03,
@G,0.03,
8Ra,0.03,
